candidate_alias,canonical_ingredient,item_seq,item_name,ingr_name,is_combination,combination_basis_ingredient,combination_notice_required,combo_relation_ingredient_count,source_url,source_method,source_checked_at,detail_source_method,detail_checked_at,confidence,risk_level,batch_id,approved_ready,incorporated,reason,reviewer_required,incorporated_alias_batch,incorporated_at
"가드메트정100/1000밀리그램(아나글립틴, 메트포르민)",메트포르민,201600170,"가드메트정100/1000밀리그램(아나글립틴, 메트포르민)",메트포르민염산염 / 아나글립틴,True,메트포르민,True,1,https://nedrug.mfds.go.kr/pbp/CCBBB01/getItemDetail?itemSeq=201600170,nedrug.searchDrug,2026-06-11,nedrug.getItemDetail,2026-06-12,high,low,v0.7-combo-1,True,True,getItemDetail 상세확정: 복합제 주성분 중 relation 보유 성분 정확히 1개(=canonical). 복합제 고지 필요. G4 반영 대상,True,v0.7-combo-1,2026-06-12
가드메트정100/500밀리그램,메트포르민,201600172,가드메트정100/500밀리그램,메트포르민염산염 / 아나글립틴,True,메트포르민,True,1,https://nedrug.mfds.go.kr/pbp/CCBBB01/getItemDetail?itemSeq=201600172,nedrug.searchDrug,2026-06-11,nedrug.getItemDetail,2026-06-12,high,low,v0.7-combo-1,True,True,getItemDetail 상세확정: 복합제 주성분 중 relation 보유 성분 정확히 1개(=canonical). 복합제 고지 필요. G4 반영 대상,True,v0.7-combo-1,2026-06-12
"가드메트정100/850밀리그램(아나글립틴, 메트포르민)",메트포르민,201600171,"가드메트정100/850밀리그램(아나글립틴, 메트포르민)",메트포르민염산염 / 아나글립틴,True,메트포르민,True,1,https://nedrug.mfds.go.kr/pbp/CCBBB01/getItemDetail?itemSeq=201600171,nedrug.searchDrug,2026-06-11,nedrug.getItemDetail,2026-06-12,high,low,v0.7-combo-1,True,True,getItemDetail 상세확정: 복합제 주성분 중 relation 보유 성분 정확히 1개(=canonical). 복합제 고지 필요. G4 반영 대상,True,v0.7-combo-1,2026-06-12
가브스메트정50/1000밀리그램,메트포르민,200803517,가브스메트정50/1000밀리그램,메트포르민염산염 / 빌다글립틴,True,메트포르민,True,1,https://nedrug.mfds.go.kr/pbp/CCBBB01/getItemDetail?itemSeq=200803517,nedrug.searchDrug,2026-06-11,nedrug.getItemDetail,2026-06-12,high,low,v0.7-combo-1,True,True,getItemDetail 상세확정: 복합제 주성분 중 relation 보유 성분 정확히 1개(=canonical). 복합제 고지 필요. G4 반영 대상,True,v0.7-combo-1,2026-06-12
가브스메트정50/500밀리그램,메트포르민,201206684,가브스메트정50/500밀리그램,메트포르민염산염 / 빌다글립틴,True,메트포르민,True,1,https://nedrug.mfds.go.kr/pbp/CCBBB01/getItemDetail?itemSeq=201206684,nedrug.searchDrug,2026-06-11,nedrug.getItemDetail,2026-06-12,high,low,v0.7-combo-1,True,True,getItemDetail 상세확정: 복합제 주성분 중 relation 보유 성분 정확히 1개(=canonical). 복합제 고지 필요. G4 반영 대상,True,v0.7-combo-1,2026-06-12
가브스메트정50/850밀리그램,메트포르민,200803516,가브스메트정50/850밀리그램,메트포르민염산염 / 빌다글립틴,True,메트포르민,True,1,https://nedrug.mfds.go.kr/pbp/CCBBB01/getItemDetail?itemSeq=200803516,nedrug.searchDrug,2026-06-11,nedrug.getItemDetail,2026-06-12,high,low,v0.7-combo-1,True,True,getItemDetail 상세확정: 복합제 주성분 중 relation 보유 성분 정확히 1개(=canonical). 복합제 고지 필요. G4 반영 대상,True,v0.7-combo-1,2026-06-12
가블리메트정,메트포르민,202107111,가블리메트정,메트포르민염산염 / 빌다글립틴,True,메트포르민,True,1,https://nedrug.mfds.go.kr/pbp/CCBBB01/getItemDetail?itemSeq=202107111,nedrug.searchDrug,2026-06-11,nedrug.getItemDetail,2026-06-12,high,low,v0.7-combo-1,True,True,getItemDetail 상세확정: 복합제 주성분 중 relation 보유 성분 정확히 1개(=canonical). 복합제 고지 필요. G4 반영 대상,True,v0.7-combo-1,2026-06-12
게리드엠정,메트포르민,201107514,게리드엠정,글리메피리드 / 메트포르민염산염,True,메트포르민,True,1,https://nedrug.mfds.go.kr/pbp/CCBBB01/getItemDetail?itemSeq=201107514,nedrug.searchDrug,2026-06-11,nedrug.getItemDetail,2026-06-12,high,low,v0.7-combo-1,True,True,getItemDetail 상세확정: 복합제 주성분 중 relation 보유 성분 정확히 1개(=canonical). 복합제 고지 필요. G4 반영 대상,True,v0.7-combo-1,2026-06-12
게리메트정2/500밀리그램,메트포르민,201107221,게리메트정2/500밀리그램,글리메피리드 / 메트포르민염산염,True,메트포르민,True,1,https://nedrug.mfds.go.kr/pbp/CCBBB01/getItemDetail?itemSeq=201107221,nedrug.searchDrug,2026-06-11,nedrug.getItemDetail,2026-06-12,high,low,v0.7-combo-1,True,True,getItemDetail 상세확정: 복합제 주성분 중 relation 보유 성분 정확히 1개(=canonical). 복합제 고지 필요. G4 반영 대상,True,v0.7-combo-1,2026-06-12
광동메포시타정50/1000밀리그램,메트포르민,202200318,광동메포시타정50/1000밀리그램,메트포르민염산염 콜로이드성이산화규소 / 시타글립틴염산염수화물,True,메트포르민,True,1,https://nedrug.mfds.go.kr/pbp/CCBBB01/getItemDetail?itemSeq=202200318,nedrug.searchDrug,2026-06-11,nedrug.getItemDetail,2026-06-12,high,low,v0.7-combo-1,True,True,getItemDetail 상세확정: 복합제 주성분 중 relation 보유 성분 정확히 1개(=canonical). 복합제 고지 필요. G4 반영 대상,True,v0.7-combo-1,2026-06-12
광동메포시타정50/500밀리그램,메트포르민,202200317,광동메포시타정50/500밀리그램,메트포르민염산염 콜로이드성이산화규소 / 시타글립틴염산염수화물,True,메트포르민,True,1,https://nedrug.mfds.go.kr/pbp/CCBBB01/getItemDetail?itemSeq=202200317,nedrug.searchDrug,2026-06-11,nedrug.getItemDetail,2026-06-12,high,low,v0.7-combo-1,True,True,getItemDetail 상세확정: 복합제 주성분 중 relation 보유 성분 정확히 1개(=canonical). 복합제 고지 필요. G4 반영 대상,True,v0.7-combo-1,2026-06-12
광동메포시타정50/850밀리그램,메트포르민,202200316,광동메포시타정50/850밀리그램,메트포르민염산염 콜로이드성이산화규소 / 시타글립틴염산염수화물,True,메트포르민,True,1,https://nedrug.mfds.go.kr/pbp/CCBBB01/getItemDetail?itemSeq=202200316,nedrug.searchDrug,2026-06-11,nedrug.getItemDetail,2026-06-12,high,low,v0.7-combo-1,True,True,getItemDetail 상세확정: 복합제 주성분 중 relation 보유 성분 정확히 1개(=canonical). 복합제 고지 필요. G4 반영 대상,True,v0.7-combo-1,2026-06-12
"그루리스엠정(글리메피리드,메트포르민염산염)",메트포르민,201308664,"그루리스엠정(글리메피리드,메트포르민염산염)",글리메피리드 / 메트포르민염산염,True,메트포르민,True,1,https://nedrug.mfds.go.kr/pbp/CCBBB01/getItemDetail?itemSeq=201308664,nedrug.searchDrug,2026-06-11,nedrug.getItemDetail,2026-06-12,high,low,v0.7-combo-1,True,True,getItemDetail 상세확정: 복합제 주성분 중 relation 보유 성분 정확히 1개(=canonical). 복합제 고지 필요. G4 반영 대상,True,v0.7-combo-1,2026-06-12
그리마린엠정2/500밀리그램,메트포르민,201106782,그리마린엠정2/500밀리그램,글리메피리드 / 메트포르민염산염,True,메트포르민,True,1,https://nedrug.mfds.go.kr/pbp/CCBBB01/getItemDetail?itemSeq=201106782,nedrug.searchDrug,2026-06-11,nedrug.getItemDetail,2026-06-12,high,low,v0.7-combo-1,True,True,getItemDetail 상세확정: 복합제 주성분 중 relation 보유 성분 정확히 1개(=canonical). 복합제 고지 필요. G4 반영 대상,True,v0.7-combo-1,2026-06-12
그리메폴서방정2/500밀리그램,메트포르민,201206847,그리메폴서방정2/500밀리그램,글리메피리드 / 메트포르민염산염,True,메트포르민,True,1,https://nedrug.mfds.go.kr/pbp/CCBBB01/getItemDetail?itemSeq=201206847,nedrug.searchDrug,2026-06-11,nedrug.getItemDetail,2026-06-12,high,low,v0.7-combo-1,True,True,getItemDetail 상세확정: 복합제 주성분 중 relation 보유 성분 정확히 1개(=canonical). 복합제 고지 필요. G4 반영 대상,True,v0.7-combo-1,2026-06-12
글라포민엠정1/250 밀리그램,메트포르민,201107226,글라포민엠정1/250 밀리그램,글리메피리드 / 메트포르민염산염,True,메트포르민,True,1,https://nedrug.mfds.go.kr/pbp/CCBBB01/getItemDetail?itemSeq=201107226,nedrug.searchDrug,2026-06-11,nedrug.getItemDetail,2026-06-12,high,low,v0.7-combo-1,True,True,getItemDetail 상세확정: 복합제 주성분 중 relation 보유 성분 정확히 1개(=canonical). 복합제 고지 필요. G4 반영 대상,True,v0.7-combo-1,2026-06-12
글라포민엠정1/500밀리그램,메트포르민,201107227,글라포민엠정1/500밀리그램,글리메피리드 / 메트포르민염산염,True,메트포르민,True,1,https://nedrug.mfds.go.kr/pbp/CCBBB01/getItemDetail?itemSeq=201107227,nedrug.searchDrug,2026-06-11,nedrug.getItemDetail,2026-06-12,high,low,v0.7-combo-1,True,True,getItemDetail 상세확정: 복합제 주성분 중 relation 보유 성분 정확히 1개(=canonical). 복합제 고지 필요. G4 반영 대상,True,v0.7-combo-1,2026-06-12
글라포민엠정2/500밀리그램,메트포르민,201106982,글라포민엠정2/500밀리그램,글리메피리드 / 메트포르민염산염,True,메트포르민,True,1,https://nedrug.mfds.go.kr/pbp/CCBBB01/getItemDetail?itemSeq=201106982,nedrug.searchDrug,2026-06-11,nedrug.getItemDetail,2026-06-12,high,low,v0.7-combo-1,True,True,getItemDetail 상세확정: 복합제 주성분 중 relation 보유 성분 정확히 1개(=canonical). 복합제 고지 필요. G4 반영 대상,True,v0.7-combo-1,2026-06-12
글레딘엠정2/500밀리그램,메트포르민,201107204,글레딘엠정2/500밀리그램,글리메피리드 / 메트포르민염산염,True,메트포르민,True,1,https://nedrug.mfds.go.kr/pbp/CCBBB01/getItemDetail?itemSeq=201107204,nedrug.searchDrug,2026-06-11,nedrug.getItemDetail,2026-06-12,high,low,v0.7-combo-1,True,True,getItemDetail 상세확정: 복합제 주성분 중 relation 보유 성분 정확히 1개(=canonical). 복합제 고지 필요. G4 반영 대상,True,v0.7-combo-1,2026-06-12
"글레린듀오서방정2.5/1000밀리그램(리나글립틴,메트포르민)",메트포르민,202400626,"글레린듀오서방정2.5/1000밀리그램(리나글립틴,메트포르민)",리나글립틴(미분화) / 메트포르민염산염,True,메트포르민,True,1,https://nedrug.mfds.go.kr/pbp/CCBBB01/getItemDetail?itemSeq=202400626,nedrug.searchDrug,2026-06-11,nedrug.getItemDetail,2026-06-12,high,low,v0.7-combo-1,True,True,getItemDetail 상세확정: 복합제 주성분 중 relation 보유 성분 정확히 1개(=canonical). 복합제 고지 필요. G4 반영 대상,True,v0.7-combo-1,2026-06-12
"글레린듀오서방정5/1000밀리그램(리나글립틴,메트포르민)",메트포르민,202400627,"글레린듀오서방정5/1000밀리그램(리나글립틴,메트포르민)",리나글립틴(미분화) / 메트포르민염산염,True,메트포르민,True,1,https://nedrug.mfds.go.kr/pbp/CCBBB01/getItemDetail?itemSeq=202400627,nedrug.searchDrug,2026-06-11,nedrug.getItemDetail,2026-06-12,high,low,v0.7-combo-1,True,True,getItemDetail 상세확정: 복합제 주성분 중 relation 보유 성분 정확히 1개(=canonical). 복합제 고지 필요. G4 반영 대상,True,v0.7-combo-1,2026-06-12
글레아정2/500밀리그램,메트포르민,201107273,글레아정2/500밀리그램,글리메피리드 / 메트포르민염산염,True,메트포르민,True,1,https://nedrug.mfds.go.kr/pbp/CCBBB01/getItemDetail?itemSeq=201107273,nedrug.searchDrug,2026-06-11,nedrug.getItemDetail,2026-06-12,high,low,v0.7-combo-1,True,True,getItemDetail 상세확정: 복합제 주성분 중 relation 보유 성분 정확히 1개(=canonical). 복합제 고지 필요. G4 반영 대상,True,v0.7-combo-1,2026-06-12
글로시타포민서방정100/1000밀리그램,메트포르민,202300608,글로시타포민서방정100/1000밀리그램,메트포르민염산염 / 시타글립틴염산염수화물,True,메트포르민,True,1,https://nedrug.mfds.go.kr/pbp/CCBBB01/getItemDetail?itemSeq=202300608,nedrug.searchDrug,2026-06-11,nedrug.getItemDetail,2026-06-12,high,low,v0.7-combo-1,True,True,getItemDetail 상세확정: 복합제 주성분 중 relation 보유 성분 정확히 1개(=canonical). 복합제 고지 필요. G4 반영 대상,True,v0.7-combo-1,2026-06-12
글로시타포민서방정50/1000밀리그램,메트포르민,202300607,글로시타포민서방정50/1000밀리그램,메트포르민염산염 / 시타글립틴염산염수화물,True,메트포르민,True,1,https://nedrug.mfds.go.kr/pbp/CCBBB01/getItemDetail?itemSeq=202300607,nedrug.searchDrug,2026-06-11,nedrug.getItemDetail,2026-06-12,high,low,v0.7-combo-1,True,True,getItemDetail 상세확정: 복합제 주성분 중 relation 보유 성분 정확히 1개(=canonical). 복합제 고지 필요. G4 반영 대상,True,v0.7-combo-1,2026-06-12
글로시타포민서방정50/500밀리그램,메트포르민,202300606,글로시타포민서방정50/500밀리그램,메트포르민염산염 / 시타글립틴염산염수화물,True,메트포르민,True,1,https://nedrug.mfds.go.kr/pbp/CCBBB01/getItemDetail?itemSeq=202300606,nedrug.searchDrug,2026-06-11,nedrug.getItemDetail,2026-06-12,high,low,v0.7-combo-1,True,True,getItemDetail 상세확정: 복합제 주성분 중 relation 보유 성분 정확히 1개(=canonical). 복합제 고지 필요. G4 반영 대상,True,v0.7-combo-1,2026-06-12
글로시타포민정50/1000밀리그램,메트포르민,202300845,글로시타포민정50/1000밀리그램,메트포르민염산염 / 시타글립틴염산염수화물,True,메트포르민,True,1,https://nedrug.mfds.go.kr/pbp/CCBBB01/getItemDetail?itemSeq=202300845,nedrug.searchDrug,2026-06-11,nedrug.getItemDetail,2026-06-12,high,low,v0.7-combo-1,True,True,getItemDetail 상세확정: 복합제 주성분 중 relation 보유 성분 정확히 1개(=canonical). 복합제 고지 필요. G4 반영 대상,True,v0.7-combo-1,2026-06-12
글로시타포민정50/500밀리그램,메트포르민,202300847,글로시타포민정50/500밀리그램,메트포르민염산염 / 시타글립틴염산염수화물,True,메트포르민,True,1,https://nedrug.mfds.go.kr/pbp/CCBBB01/getItemDetail?itemSeq=202300847,nedrug.searchDrug,2026-06-11,nedrug.getItemDetail,2026-06-12,high,low,v0.7-combo-1,True,True,getItemDetail 상세확정: 복합제 주성분 중 relation 보유 성분 정확히 1개(=canonical). 복합제 고지 필요. G4 반영 대상,True,v0.7-combo-1,2026-06-12
글로시타포민정50/850밀리그램,메트포르민,202300846,글로시타포민정50/850밀리그램,메트포르민염산염 / 시타글립틴염산염수화물,True,메트포르민,True,1,https://nedrug.mfds.go.kr/pbp/CCBBB01/getItemDetail?itemSeq=202300846,nedrug.searchDrug,2026-06-11,nedrug.getItemDetail,2026-06-12,high,low,v0.7-combo-1,True,True,getItemDetail 상세확정: 복합제 주성분 중 relation 보유 성분 정확히 1개(=canonical). 복합제 고지 필요. G4 반영 대상,True,v0.7-combo-1,2026-06-12
글로엠정,메트포르민,201206668,글로엠정,글리메피리드 / 메트포르민염산염,True,메트포르민,True,1,https://nedrug.mfds.go.kr/pbp/CCBBB01/getItemDetail?itemSeq=201206668,nedrug.searchDrug,2026-06-11,nedrug.getItemDetail,2026-06-12,high,low,v0.7-combo-1,True,True,getItemDetail 상세확정: 복합제 주성분 중 relation 보유 성분 정확히 1개(=canonical). 복합제 고지 필요. G4 반영 대상,True,v0.7-combo-1,2026-06-12
"글로틴듀오정2.5/1000mg(리나글립틴, 메트포르민염산염)",메트포르민,202001276,"글로틴듀오정2.5/1000mg(리나글립틴, 메트포르민염산염)",리나글립틴 / 메트포르민염산염,True,메트포르민,True,1,https://nedrug.mfds.go.kr/pbp/CCBBB01/getItemDetail?itemSeq=202001276,nedrug.searchDrug,2026-06-11,nedrug.getItemDetail,2026-06-12,high,low,v0.7-combo-1,True,True,getItemDetail 상세확정: 복합제 주성분 중 relation 보유 성분 정확히 1개(=canonical). 복합제 고지 필요. G4 반영 대상,True,v0.7-combo-1,2026-06-12
"글로틴듀오정2.5/500mg(리나글립틴, 메트포르민염산염)",메트포르민,202001274,"글로틴듀오정2.5/500mg(리나글립틴, 메트포르민염산염)",리나글립틴 / 메트포르민염산염,True,메트포르민,True,1,https://nedrug.mfds.go.kr/pbp/CCBBB01/getItemDetail?itemSeq=202001274,nedrug.searchDrug,2026-06-11,nedrug.getItemDetail,2026-06-12,high,low,v0.7-combo-1,True,True,getItemDetail 상세확정: 복합제 주성분 중 relation 보유 성분 정확히 1개(=canonical). 복합제 고지 필요. G4 반영 대상,True,v0.7-combo-1,2026-06-12
"글로틴듀오정2.5/850mg(리나글립틴, 메트포르민염산염)",메트포르민,202001275,"글로틴듀오정2.5/850mg(리나글립틴, 메트포르민염산염)",리나글립틴 / 메트포르민염산염,True,메트포르민,True,1,https://nedrug.mfds.go.kr/pbp/CCBBB01/getItemDetail?itemSeq=202001275,nedrug.searchDrug,2026-06-11,nedrug.getItemDetail,2026-06-12,high,low,v0.7-combo-1,True,True,getItemDetail 상세확정: 복합제 주성분 중 relation 보유 성분 정확히 1개(=canonical). 복합제 고지 필요. G4 반영 대상,True,v0.7-combo-1,2026-06-12
글루리아드정500/2.5밀리그람,메트포르민,200307866,글루리아드정500/2.5밀리그람,글리벤클라미드 / 메트포르민염산염,True,메트포르민,True,1,https://nedrug.mfds.go.kr/pbp/CCBBB01/getItemDetail?itemSeq=200307866,nedrug.searchDrug,2026-06-11,nedrug.getItemDetail,2026-06-12,high,low,v0.7-combo-1,True,True,getItemDetail 상세확정: 복합제 주성분 중 relation 보유 성분 정확히 1개(=canonical). 복합제 고지 필요. G4 반영 대상,True,v0.7-combo-1,2026-06-12
글루리아드정500/5밀리그람,메트포르민,200307867,글루리아드정500/5밀리그람,글리벤클라미드 / 메트포르민염산염,True,메트포르민,True,1,https://nedrug.mfds.go.kr/pbp/CCBBB01/getItemDetail?itemSeq=200307867,nedrug.searchDrug,2026-06-11,nedrug.getItemDetail,2026-06-12,high,low,v0.7-combo-1,True,True,getItemDetail 상세확정: 복합제 주성분 중 relation 보유 성분 정확히 1개(=canonical). 복합제 고지 필요. G4 반영 대상,True,v0.7-combo-1,2026-06-12
"글루립틴듀오엑스알서방정2.5/1000밀리그램(리나글립틴,메트포르민염산염)",메트포르민,202400663,"글루립틴듀오엑스알서방정2.5/1000밀리그램(리나글립틴,메트포르민염산염)",리나글립틴(미분화) / 메트포르민염산염,True,메트포르민,True,1,https://nedrug.mfds.go.kr/pbp/CCBBB01/getItemDetail?itemSeq=202400663,nedrug.searchDrug,2026-06-12,nedrug.getItemDetail,2026-06-12,high,low,v0.7-combo-1,True,True,getItemDetail 상세확정: 복합제 주성분 중 relation 보유 성분 정확히 1개(=canonical). 복합제 고지 필요. G4 반영 대상,True,v0.7-combo-1,2026-06-12
"글루립틴듀오엑스알서방정5/1000밀리그램(리나글립틴,메트포르민염산염)",메트포르민,202400662,"글루립틴듀오엑스알서방정5/1000밀리그램(리나글립틴,메트포르민염산염)",리나글립틴(미분화) / 메트포르민염산염,True,메트포르민,True,1,https://nedrug.mfds.go.kr/pbp/CCBBB01/getItemDetail?itemSeq=202400662,nedrug.searchDrug,2026-06-12,nedrug.getItemDetail,2026-06-12,high,low,v0.7-combo-1,True,True,getItemDetail 상세확정: 복합제 주성분 중 relation 보유 성분 정확히 1개(=canonical). 복합제 고지 필요. G4 반영 대상,True,v0.7-combo-1,2026-06-12
글루비엠정2/500밀리그램,메트포르민,201106952,글루비엠정2/500밀리그램,글리메피리드 / 메트포르민염산염,True,메트포르민,True,1,https://nedrug.mfds.go.kr/pbp/CCBBB01/getItemDetail?itemSeq=201106952,nedrug.searchDrug,2026-06-11,nedrug.getItemDetail,2026-06-12,high,low,v0.7-combo-1,True,True,getItemDetail 상세확정: 복합제 주성분 중 relation 보유 성분 정확히 1개(=canonical). 복합제 고지 필요. G4 반영 대상,True,v0.7-combo-1,2026-06-12
글루시타듀오서방정100/1000밀리그램,메트포르민,202202020,글루시타듀오서방정100/1000밀리그램,메트포르민염산염 / 시타글립틴염산염수화물,True,메트포르민,True,1,https://nedrug.mfds.go.kr/pbp/CCBBB01/getItemDetail?itemSeq=202202020,nedrug.searchDrug,2026-06-12,nedrug.getItemDetail,2026-06-12,high,low,v0.7-combo-1,True,True,getItemDetail 상세확정: 복합제 주성분 중 relation 보유 성분 정확히 1개(=canonical). 복합제 고지 필요. G4 반영 대상,True,v0.7-combo-1,2026-06-12
글루시타듀오서방정50/1000밀리그램,메트포르민,202202019,글루시타듀오서방정50/1000밀리그램,메트포르민염산염 / 시타글립틴염산염수화물,True,메트포르민,True,1,https://nedrug.mfds.go.kr/pbp/CCBBB01/getItemDetail?itemSeq=202202019,nedrug.searchDrug,2026-06-12,nedrug.getItemDetail,2026-06-12,high,low,v0.7-combo-1,True,True,getItemDetail 상세확정: 복합제 주성분 중 relation 보유 성분 정확히 1개(=canonical). 복합제 고지 필요. G4 반영 대상,True,v0.7-combo-1,2026-06-12
글루시타듀오서방정50/500밀리그램,메트포르민,202202018,글루시타듀오서방정50/500밀리그램,메트포르민염산염 / 시타글립틴염산염수화물,True,메트포르민,True,1,https://nedrug.mfds.go.kr/pbp/CCBBB01/getItemDetail?itemSeq=202202018,nedrug.searchDrug,2026-06-12,nedrug.getItemDetail,2026-06-12,high,low,v0.7-combo-1,True,True,getItemDetail 상세확정: 복합제 주성분 중 relation 보유 성분 정확히 1개(=canonical). 복합제 고지 필요. G4 반영 대상,True,v0.7-combo-1,2026-06-12
글루시타듀오정50/1000밀리그램,메트포르민,202204575,글루시타듀오정50/1000밀리그램,메트포르민염산염 / 시타글립틴염산염수화물,True,메트포르민,True,1,https://nedrug.mfds.go.kr/pbp/CCBBB01/getItemDetail?itemSeq=202204575,nedrug.searchDrug,2026-06-12,nedrug.getItemDetail,2026-06-12,high,low,v0.7-combo-1,True,True,getItemDetail 상세확정: 복합제 주성분 중 relation 보유 성분 정확히 1개(=canonical). 복합제 고지 필요. G4 반영 대상,True,v0.7-combo-1,2026-06-12
글루시타듀오정50/500밀리그램,메트포르민,202204577,글루시타듀오정50/500밀리그램,메트포르민염산염 / 시타글립틴염산염수화물,True,메트포르민,True,1,https://nedrug.mfds.go.kr/pbp/CCBBB01/getItemDetail?itemSeq=202204577,nedrug.searchDrug,2026-06-12,nedrug.getItemDetail,2026-06-12,high,low,v0.7-combo-1,True,True,getItemDetail 상세확정: 복합제 주성분 중 relation 보유 성분 정확히 1개(=canonical). 복합제 고지 필요. G4 반영 대상,True,v0.7-combo-1,2026-06-12
글루시타듀오정50/850밀리그램,메트포르민,202204576,글루시타듀오정50/850밀리그램,메트포르민염산염 / 시타글립틴염산염수화물,True,메트포르민,True,1,https://nedrug.mfds.go.kr/pbp/CCBBB01/getItemDetail?itemSeq=202204576,nedrug.searchDrug,2026-06-12,nedrug.getItemDetail,2026-06-12,high,low,v0.7-combo-1,True,True,getItemDetail 상세확정: 복합제 주성분 중 relation 보유 성분 정확히 1개(=canonical). 복합제 고지 필요. G4 반영 대상,True,v0.7-combo-1,2026-06-12
글루코반스정500/2.5밀리그램,메트포르민,200307793,글루코반스정500/2.5밀리그램,글리벤클라미드 / 메트포르민염산염,True,메트포르민,True,1,https://nedrug.mfds.go.kr/pbp/CCBBB01/getItemDetail?itemSeq=200307793,nedrug.searchDrug,2026-06-12,nedrug.getItemDetail,2026-06-12,high,low,v0.7-combo-1,True,True,getItemDetail 상세확정: 복합제 주성분 중 relation 보유 성분 정확히 1개(=canonical). 복합제 고지 필요. G4 반영 대상,True,v0.7-combo-1,2026-06-12
글루코반스정500/5밀리그램,메트포르민,200307794,글루코반스정500/5밀리그램,글리벤클라미드 / 메트포르민염산염,True,메트포르민,True,1,https://nedrug.mfds.go.kr/pbp/CCBBB01/getItemDetail?itemSeq=200307794,nedrug.searchDrug,2026-06-12,nedrug.getItemDetail,2026-06-12,high,low,v0.7-combo-1,True,True,getItemDetail 상세확정: 복합제 주성분 중 relation 보유 성분 정확히 1개(=canonical). 복합제 고지 필요. G4 반영 대상,True,v0.7-combo-1,2026-06-12
글루파콤비정500/80mg,메트포르민,200708031,글루파콤비정500/80mg,글리클라지드 / 메트포르민염산염,True,메트포르민,True,1,https://nedrug.mfds.go.kr/pbp/CCBBB01/getItemDetail?itemSeq=200708031,nedrug.searchDrug,2026-06-12,nedrug.getItemDetail,2026-06-12,high,low,v0.7-combo-1,True,True,getItemDetail 상세확정: 복합제 주성분 중 relation 보유 성분 정확히 1개(=canonical). 복합제 고지 필요. G4 반영 대상,True,v0.7-combo-1,2026-06-12
글루펜엠정,메트포르민,201500899,글루펜엠정,글리메피리드 / 메트포르민염산염,True,메트포르민,True,1,https://nedrug.mfds.go.kr/pbp/CCBBB01/getItemDetail?itemSeq=201500899,nedrug.searchDrug,2026-06-12,nedrug.getItemDetail,2026-06-12,high,low,v0.7-combo-1,True,True,getItemDetail 상세확정: 복합제 주성분 중 relation 보유 성분 정확히 1개(=canonical). 복합제 고지 필요. G4 반영 대상,True,v0.7-combo-1,2026-06-12
"글루폴민정2/500밀리그램(글리메피리드, 메트포르민염산염)",메트포르민,201107513,"글루폴민정2/500밀리그램(글리메피리드, 메트포르민염산염)",글리메피리드 / 메트포르민염산염,True,메트포르민,True,1,https://nedrug.mfds.go.kr/pbp/CCBBB01/getItemDetail?itemSeq=201107513,nedrug.searchDrug,2026-06-12,nedrug.getItemDetail,2026-06-12,high,low,v0.7-combo-1,True,True,getItemDetail 상세확정: 복합제 주성분 중 relation 보유 성분 정확히 1개(=canonical). 복합제 고지 필요. G4 반영 대상,True,v0.7-combo-1,2026-06-12
글리마릴엠정2/500밀리그램,메트포르민,201109149,글리마릴엠정2/500밀리그램,글리메피리드 / 메트포르민염산염,True,메트포르민,True,1,https://nedrug.mfds.go.kr/pbp/CCBBB01/getItemDetail?itemSeq=201109149,nedrug.searchDrug,2026-06-12,nedrug.getItemDetail,2026-06-12,high,low,v0.7-combo-1,True,True,getItemDetail 상세확정: 복합제 주성분 중 relation 보유 성분 정확히 1개(=canonical). 복합제 고지 필요. G4 반영 대상,True,v0.7-combo-1,2026-06-12
글리매핀엠정2/500밀리그램,메트포르민,201107530,글리매핀엠정2/500밀리그램,글리메피리드 / 메트포르민염산염,True,메트포르민,True,1,https://nedrug.mfds.go.kr/pbp/CCBBB01/getItemDetail?itemSeq=201107530,nedrug.searchDrug,2026-06-12,nedrug.getItemDetail,2026-06-12,high,low,v0.7-combo-1,True,True,getItemDetail 상세확정: 복합제 주성분 중 relation 보유 성분 정확히 1개(=canonical). 복합제 고지 필요. G4 반영 대상,True,v0.7-combo-1,2026-06-12
글리메드엠정2/500밀리그램,메트포르민,201106950,글리메드엠정2/500밀리그램,글리메피리드 / 메트포르민염산염,True,메트포르민,True,1,https://nedrug.mfds.go.kr/pbp/CCBBB01/getItemDetail?itemSeq=201106950,nedrug.searchDrug,2026-06-12,nedrug.getItemDetail,2026-06-12,high,low,v0.7-combo-1,True,True,getItemDetail 상세확정: 복합제 주성분 중 relation 보유 성분 정확히 1개(=canonical). 복합제 고지 필요. G4 반영 대상,True,v0.7-combo-1,2026-06-12
글리메론정,메트포르민,201107234,글리메론정,글리메피리드 / 메트포르민염산염,True,메트포르민,True,1,https://nedrug.mfds.go.kr/pbp/CCBBB01/getItemDetail?itemSeq=201107234,nedrug.searchDrug,2026-06-12,nedrug.getItemDetail,2026-06-12,high,low,v0.7-combo-1,True,True,getItemDetail 상세확정: 복합제 주성분 중 relation 보유 성분 정확히 1개(=canonical). 복합제 고지 필요. G4 반영 대상,True,v0.7-combo-1,2026-06-12
글리메릴엠정,메트포르민,201107173,글리메릴엠정,글리메피리드 / 메트포르민염산염,True,메트포르민,True,1,https://nedrug.mfds.go.kr/pbp/CCBBB01/getItemDetail?itemSeq=201107173,nedrug.searchDrug,2026-06-12,nedrug.getItemDetail,2026-06-12,high,low,v0.7-combo-1,True,True,getItemDetail 상세확정: 복합제 주성분 중 relation 보유 성분 정확히 1개(=canonical). 복합제 고지 필요. G4 반영 대상,True,v0.7-combo-1,2026-06-12
글리메엠정1/250밀리그램,메트포르민,201107543,글리메엠정1/250밀리그램,글리메피리드 / 메트포르민염산염,True,메트포르민,True,1,https://nedrug.mfds.go.kr/pbp/CCBBB01/getItemDetail?itemSeq=201107543,nedrug.searchDrug,2026-06-12,nedrug.getItemDetail,2026-06-12,high,low,v0.7-combo-1,True,True,getItemDetail 상세확정: 복합제 주성분 중 relation 보유 성분 정확히 1개(=canonical). 복합제 고지 필요. G4 반영 대상,True,v0.7-combo-1,2026-06-12
글리메엠정2/500밀리그램,메트포르민,201107516,글리메엠정2/500밀리그램,글리메피리드 / 메트포르민염산염,True,메트포르민,True,1,https://nedrug.mfds.go.kr/pbp/CCBBB01/getItemDetail?itemSeq=201107516,nedrug.searchDrug,2026-06-12,nedrug.getItemDetail,2026-06-12,high,low,v0.7-combo-1,True,True,getItemDetail 상세확정: 복합제 주성분 중 relation 보유 성분 정확히 1개(=canonical). 복합제 고지 필요. G4 반영 대상,True,v0.7-combo-1,2026-06-12
글리메윈플러스정,메트포르민,201900246,글리메윈플러스정,글리메피리드 / 메트포르민염산염,True,메트포르민,True,1,https://nedrug.mfds.go.kr/pbp/CCBBB01/getItemDetail?itemSeq=201900246,nedrug.searchDrug,2026-06-12,nedrug.getItemDetail,2026-06-12,high,low,v0.7-combo-1,True,True,getItemDetail 상세확정: 복합제 주성분 중 relation 보유 성분 정확히 1개(=canonical). 복합제 고지 필요. G4 반영 대상,True,v0.7-combo-1,2026-06-12
"글리메자큐정50/1000밀리그램(시타글립틴,메트포르민)",메트포르민,202301975,"글리메자큐정50/1000밀리그램(시타글립틴,메트포르민)",메트포르민염산염 / 시타글립틴염산염수화물,True,메트포르민,True,1,https://nedrug.mfds.go.kr/pbp/CCBBB01/getItemDetail?itemSeq=202301975,nedrug.searchDrug,2026-06-12,nedrug.getItemDetail,2026-06-12,high,low,v0.7-combo-1,True,True,getItemDetail 상세확정: 복합제 주성분 중 relation 보유 성분 정확히 1개(=canonical). 복합제 고지 필요. G4 반영 대상,True,v0.7-combo-1,2026-06-12
"글리메자큐정50/500밀리그램(시타글립틴,메트포르민)",메트포르민,202301973,"글리메자큐정50/500밀리그램(시타글립틴,메트포르민)",메트포르민염산염 / 시타글립틴염산염수화물,True,메트포르민,True,1,https://nedrug.mfds.go.kr/pbp/CCBBB01/getItemDetail?itemSeq=202301973,nedrug.searchDrug,2026-06-12,nedrug.getItemDetail,2026-06-12,high,low,v0.7-combo-1,True,True,getItemDetail 상세확정: 복합제 주성분 중 relation 보유 성분 정확히 1개(=canonical). 복합제 고지 필요. G4 반영 대상,True,v0.7-combo-1,2026-06-12
"글리메자큐정50/850밀리그램(시타글립틴,메트포르민)",메트포르민,202301974,"글리메자큐정50/850밀리그램(시타글립틴,메트포르민)",메트포르민염산염 / 시타글립틴염산염수화물,True,메트포르민,True,1,https://nedrug.mfds.go.kr/pbp/CCBBB01/getItemDetail?itemSeq=202301974,nedrug.searchDrug,2026-06-12,nedrug.getItemDetail,2026-06-12,high,low,v0.7-combo-1,True,True,getItemDetail 상세확정: 복합제 주성분 중 relation 보유 성분 정확히 1개(=canonical). 복합제 고지 필요. G4 반영 대상,True,v0.7-combo-1,2026-06-12
글리멜엠정1/250밀리그램,메트포르민,201107526,글리멜엠정1/250밀리그램,글리메피리드 / 메트포르민염산염,True,메트포르민,True,1,https://nedrug.mfds.go.kr/pbp/CCBBB01/getItemDetail?itemSeq=201107526,nedrug.searchDrug,2026-06-12,nedrug.getItemDetail,2026-06-12,high,low,v0.7-combo-1,True,True,getItemDetail 상세확정: 복합제 주성분 중 relation 보유 성분 정확히 1개(=canonical). 복합제 고지 필요. G4 반영 대상,True,v0.7-combo-1,2026-06-12
글리멜엠정2/500밀리그램,메트포르민,201107272,글리멜엠정2/500밀리그램,글리메피리드 / 메트포르민염산염,True,메트포르민,True,1,https://nedrug.mfds.go.kr/pbp/CCBBB01/getItemDetail?itemSeq=201107272,nedrug.searchDrug,2026-06-12,nedrug.getItemDetail,2026-06-12,high,low,v0.7-combo-1,True,True,getItemDetail 상세확정: 복합제 주성분 중 relation 보유 성분 정확히 1개(=canonical). 복합제 고지 필요. G4 반영 대상,True,v0.7-combo-1,2026-06-12
글리미드엠정,메트포르민,201107515,글리미드엠정,글리메피리드 / 메트포르민염산염,True,메트포르민,True,1,https://nedrug.mfds.go.kr/pbp/CCBBB01/getItemDetail?itemSeq=201107515,nedrug.searchDrug,2026-06-12,nedrug.getItemDetail,2026-06-12,high,low,v0.7-combo-1,True,True,getItemDetail 상세확정: 복합제 주성분 중 relation 보유 성분 정확히 1개(=canonical). 복합제 고지 필요. G4 반영 대상,True,v0.7-combo-1,2026-06-12
글리밀엠정2/500mg,메트포르민,201905506,글리밀엠정2/500mg,글리메피리드 / 메트포르민염산염,True,메트포르민,True,1,https://nedrug.mfds.go.kr/pbp/CCBBB01/getItemDetail?itemSeq=201905506,nedrug.searchDrug,2026-06-12,nedrug.getItemDetail,2026-06-12,high,low,v0.7-combo-1,True,True,getItemDetail 상세확정: 복합제 주성분 중 relation 보유 성분 정확히 1개(=canonical). 복합제 고지 필요. G4 반영 대상,True,v0.7-combo-1,2026-06-12
글리베타엠정,메트포르민,201107512,글리베타엠정,글리메피리드 / 메트포르민염산염,True,메트포르민,True,1,https://nedrug.mfds.go.kr/pbp/CCBBB01/getItemDetail?itemSeq=201107512,nedrug.searchDrug,2026-06-12,nedrug.getItemDetail,2026-06-12,high,low,v0.7-combo-1,True,True,getItemDetail 상세확정: 복합제 주성분 중 relation 보유 성분 정확히 1개(=canonical). 복합제 고지 필요. G4 반영 대상,True,v0.7-combo-1,2026-06-12
글리스타엠정,메트포르민,201801420,글리스타엠정,글리메피리드 / 메트포르민염산염,True,메트포르민,True,1,https://nedrug.mfds.go.kr/pbp/CCBBB01/getItemDetail?itemSeq=201801420,nedrug.searchDrug,2026-06-12,nedrug.getItemDetail,2026-06-12,high,low,v0.7-combo-1,True,True,getItemDetail 상세확정: 복합제 주성분 중 relation 보유 성분 정확히 1개(=canonical). 복합제 고지 필요. G4 반영 대상,True,v0.7-combo-1,2026-06-12
글리시타메트엑스알서방정100/1000밀리그램,메트포르민,202201954,글리시타메트엑스알서방정100/1000밀리그램,메트포르민염산염 / 시타글립틴염산염수화물,True,메트포르민,True,1,https://nedrug.mfds.go.kr/pbp/CCBBB01/getItemDetail?itemSeq=202201954,nedrug.searchDrug,2026-06-12,nedrug.getItemDetail,2026-06-12,high,low,v0.7-combo-1,True,True,getItemDetail 상세확정: 복합제 주성분 중 relation 보유 성분 정확히 1개(=canonical). 복합제 고지 필요. G4 반영 대상,True,v0.7-combo-1,2026-06-12
글리시타메트엑스알서방정50/1000밀리그램,메트포르민,202201953,글리시타메트엑스알서방정50/1000밀리그램,메트포르민염산염 / 시타글립틴염산염수화물,True,메트포르민,True,1,https://nedrug.mfds.go.kr/pbp/CCBBB01/getItemDetail?itemSeq=202201953,nedrug.searchDrug,2026-06-12,nedrug.getItemDetail,2026-06-12,high,low,v0.7-combo-1,True,True,getItemDetail 상세확정: 복합제 주성분 중 relation 보유 성분 정확히 1개(=canonical). 복합제 고지 필요. G4 반영 대상,True,v0.7-combo-1,2026-06-12
글리시타메트엑스알서방정50/500밀리그램,메트포르민,202201952,글리시타메트엑스알서방정50/500밀리그램,메트포르민염산염 / 시타글립틴염산염수화물,True,메트포르민,True,1,https://nedrug.mfds.go.kr/pbp/CCBBB01/getItemDetail?itemSeq=202201952,nedrug.searchDrug,2026-06-12,nedrug.getItemDetail,2026-06-12,high,low,v0.7-combo-1,True,True,getItemDetail 상세확정: 복합제 주성분 중 relation 보유 성분 정확히 1개(=canonical). 복합제 고지 필요. G4 반영 대상,True,v0.7-combo-1,2026-06-12
글리시타메트정50/1000밀리그램,메트포르민,202204581,글리시타메트정50/1000밀리그램,메트포르민염산염 / 시타글립틴염산염수화물,True,메트포르민,True,1,https://nedrug.mfds.go.kr/pbp/CCBBB01/getItemDetail?itemSeq=202204581,nedrug.searchDrug,2026-06-12,nedrug.getItemDetail,2026-06-12,high,low,v0.7-combo-1,True,True,getItemDetail 상세확정: 복합제 주성분 중 relation 보유 성분 정확히 1개(=canonical). 복합제 고지 필요. G4 반영 대상,True,v0.7-combo-1,2026-06-12
글리시타메트정50/500밀리그램,메트포르민,202204580,글리시타메트정50/500밀리그램,메트포르민염산염 / 시타글립틴염산염수화물,True,메트포르민,True,1,https://nedrug.mfds.go.kr/pbp/CCBBB01/getItemDetail?itemSeq=202204580,nedrug.searchDrug,2026-06-12,nedrug.getItemDetail,2026-06-12,high,low,v0.7-combo-1,True,True,getItemDetail 상세확정: 복합제 주성분 중 relation 보유 성분 정확히 1개(=canonical). 복합제 고지 필요. G4 반영 대상,True,v0.7-combo-1,2026-06-12
글리시타메트정50/850밀리그램,메트포르민,202204579,글리시타메트정50/850밀리그램,메트포르민염산염 / 시타글립틴염산염수화물,True,메트포르민,True,1,https://nedrug.mfds.go.kr/pbp/CCBBB01/getItemDetail?itemSeq=202204579,nedrug.searchDrug,2026-06-12,nedrug.getItemDetail,2026-06-12,high,low,v0.7-combo-1,True,True,getItemDetail 상세확정: 복합제 주성분 중 relation 보유 성분 정확히 1개(=canonical). 복합제 고지 필요. G4 반영 대상,True,v0.7-combo-1,2026-06-12
"글리앙듀오정5/1000밀리그램(엠파글리플로진, 메트포르민염산염)",메트포르민,202201391,"글리앙듀오정5/1000밀리그램(엠파글리플로진, 메트포르민염산염)",메트포르민염산염 / 엠파글리플로진(무정형),True,메트포르민,True,1,https://nedrug.mfds.go.kr/pbp/CCBBB01/getItemDetail?itemSeq=202201391,nedrug.searchDrug,2026-06-12,nedrug.getItemDetail,2026-06-12,high,low,v0.7-combo-1,True,True,getItemDetail 상세확정: 복합제 주성분 중 relation 보유 성분 정확히 1개(=canonical). 복합제 고지 필요. G4 반영 대상,True,v0.7-combo-1,2026-06-12
"글리앙듀오정5/500밀리그램(엠파글리플로진, 메트포르민염산염)",메트포르민,202201389,"글리앙듀오정5/500밀리그램(엠파글리플로진, 메트포르민염산염)",메트포르민염산염 / 엠파글리플로진(무정형),True,메트포르민,True,1,https://nedrug.mfds.go.kr/pbp/CCBBB01/getItemDetail?itemSeq=202201389,nedrug.searchDrug,2026-06-12,nedrug.getItemDetail,2026-06-12,high,low,v0.7-combo-1,True,True,getItemDetail 상세확정: 복합제 주성분 중 relation 보유 성분 정확히 1개(=canonical). 복합제 고지 필요. G4 반영 대상,True,v0.7-combo-1,2026-06-12
"글리앙듀오정5/850밀리그램(엠파글리플로진, 메트포르민염산염)",메트포르민,202201390,"글리앙듀오정5/850밀리그램(엠파글리플로진, 메트포르민염산염)",메트포르민염산염 / 엠파글리플로진(무정형),True,메트포르민,True,1,https://nedrug.mfds.go.kr/pbp/CCBBB01/getItemDetail?itemSeq=202201390,nedrug.searchDrug,2026-06-12,nedrug.getItemDetail,2026-06-12,high,low,v0.7-combo-1,True,True,getItemDetail 상세확정: 복합제 주성분 중 relation 보유 성분 정확히 1개(=canonical). 복합제 고지 필요. G4 반영 대상,True,v0.7-combo-1,2026-06-12
글리엠정2/500밀리그램,메트포르민,201107274,글리엠정2/500밀리그램,글리메피리드 / 메트포르민염산염,True,메트포르민,True,1,https://nedrug.mfds.go.kr/pbp/CCBBB01/getItemDetail?itemSeq=201107274,nedrug.searchDrug,2026-06-12,nedrug.getItemDetail,2026-06-12,high,low,v0.7-combo-1,True,True,getItemDetail 상세확정: 복합제 주성분 중 relation 보유 성분 정확히 1개(=canonical). 복합제 고지 필요. G4 반영 대상,True,v0.7-combo-1,2026-06-12
글리젠타듀오정2.5/850밀리그램,메트포르민,201902225,글리젠타듀오정2.5/850밀리그램,리나글립틴 / 메트포르민염산염,True,메트포르민,True,1,https://nedrug.mfds.go.kr/pbp/CCBBB01/getItemDetail?itemSeq=201902225,nedrug.searchDrug,2026-06-12,nedrug.getItemDetail,2026-06-12,high,low,v0.7-combo-1,True,True,getItemDetail 상세확정: 복합제 주성분 중 relation 보유 성분 정확히 1개(=canonical). 복합제 고지 필요. G4 반영 대상,True,v0.7-combo-1,2026-06-12
대웅알렌드로네이트디정,알렌드론산,201403317,대웅알렌드로네이트디정,농축콜레칼시페롤분말 / 알렌드론산나트륨수화물,True,알렌드론산,True,1,https://nedrug.mfds.go.kr/pbp/CCBBB01/getItemDetail?itemSeq=201403317,nedrug.searchDrug,2026-06-11,nedrug.getItemDetail,2026-06-12,high,low,v0.7-combo-1,True,True,getItemDetail 상세확정: 복합제 주성분 중 relation 보유 성분 정확히 1개(=canonical). 복합제 고지 필요. G4 반영 대상,True,v0.7-combo-1,2026-06-12
마빌더블유플러스정,알렌드론산,201307574,마빌더블유플러스정,알렌드론산나트륨삼수화물 / 콜레칼시페롤농축분말,True,알렌드론산,True,1,https://nedrug.mfds.go.kr/pbp/CCBBB01/getItemDetail?itemSeq=201307574,nedrug.searchDrug,2026-06-11,nedrug.getItemDetail,2026-06-12,high,low,v0.7-combo-1,True,True,getItemDetail 상세확정: 복합제 주성분 중 relation 보유 성분 정확히 1개(=canonical). 복합제 고지 필요. G4 반영 대상,True,v0.7-combo-1,2026-06-12
맥스마빌장용정,알렌드론산,200000363,맥스마빌장용정,알렌드론산나트륨수화물 / 칼시트리올,True,알렌드론산,True,1,https://nedrug.mfds.go.kr/pbp/CCBBB01/getItemDetail?itemSeq=200000363,nedrug.searchDrug,2026-06-11,nedrug.getItemDetail,2026-06-12,high,low,v0.7-combo-1,True,True,getItemDetail 상세확정: 복합제 주성분 중 relation 보유 성분 정확히 1개(=canonical). 복합제 고지 필요. G4 반영 대상,True,v0.7-combo-1,2026-06-12
보나맥스플러스디정,알렌드론산,201203101,보나맥스플러스디정,농축콜레칼시페롤(분말형) / 알렌드론산나트륨수화물,True,알렌드론산,True,1,https://nedrug.mfds.go.kr/pbp/CCBBB01/getItemDetail?itemSeq=201203101,nedrug.searchDrug,2026-06-11,nedrug.getItemDetail,2026-06-12,high,low,v0.7-combo-1,True,True,getItemDetail 상세확정: 복합제 주성분 중 relation 보유 성분 정확히 1개(=canonical). 복합제 고지 필요. G4 반영 대상,True,v0.7-combo-1,2026-06-12
보노맥스플러스디정,알렌드론산,201405290,보노맥스플러스디정,알렌드론산나트륨삼수화물 / 콜레칼시페롤농축분말,True,알렌드론산,True,1,https://nedrug.mfds.go.kr/pbp/CCBBB01/getItemDetail?itemSeq=201405290,nedrug.searchDrug,2026-06-11,nedrug.getItemDetail,2026-06-12,high,low,v0.7-combo-1,True,True,getItemDetail 상세확정: 복합제 주성분 중 relation 보유 성분 정확히 1개(=canonical). 복합제 고지 필요. G4 반영 대상,True,v0.7-combo-1,2026-06-12
본필플러스디정,알렌드론산,201406151,본필플러스디정,농축콜레칼시페롤분말 / 알렌드론산나트륨수화물,True,알렌드론산,True,1,https://nedrug.mfds.go.kr/pbp/CCBBB01/getItemDetail?itemSeq=201406151,nedrug.searchDrug,2026-06-11,nedrug.getItemDetail,2026-06-12,high,low,v0.7-combo-1,True,True,getItemDetail 상세확정: 복합제 주성분 중 relation 보유 성분 정확히 1개(=canonical). 복합제 고지 필요. G4 반영 대상,True,v0.7-combo-1,2026-06-12
알드맥플러스디정,알렌드론산,201603802,알드맥플러스디정,알렌드론산나트륨삼수화물 / 콜레칼시페롤농축분말,True,알렌드론산,True,1,https://nedrug.mfds.go.kr/pbp/CCBBB01/getItemDetail?itemSeq=201603802,nedrug.searchDrug,2026-06-11,nedrug.getItemDetail,2026-06-12,high,low,v0.7-combo-1,True,True,getItemDetail 상세확정: 복합제 주성분 중 relation 보유 성분 정확히 1개(=canonical). 복합제 고지 필요. G4 반영 대상,True,v0.7-combo-1,2026-06-12
알레론플러스디정,알렌드론산,201502292,알레론플러스디정,농축콜레칼시페롤분말 / 알렌드론산나트륨수화물,True,알렌드론산,True,1,https://nedrug.mfds.go.kr/pbp/CCBBB01/getItemDetail?itemSeq=201502292,nedrug.searchDrug,2026-06-11,nedrug.getItemDetail,2026-06-12,high,low,v0.7-combo-1,True,True,getItemDetail 상세확정: 복합제 주성분 중 relation 보유 성분 정확히 1개(=canonical). 복합제 고지 필요. G4 반영 대상,True,v0.7-combo-1,2026-06-12
알렌드로스플러스디정,알렌드론산,201203485,알렌드로스플러스디정,농축콜레칼시페롤(분말형) / 알렌드론산나트륨수화물,True,알렌드론산,True,1,https://nedrug.mfds.go.kr/pbp/CCBBB01/getItemDetail?itemSeq=201203485,nedrug.searchDrug,2026-06-11,nedrug.getItemDetail,2026-06-12,high,low,v0.7-combo-1,True,True,getItemDetail 상세확정: 복합제 주성분 중 relation 보유 성분 정확히 1개(=canonical). 복합제 고지 필요. G4 반영 대상,True,v0.7-combo-1,2026-06-12
알렌드로플러스디정,알렌드론산,201309508,알렌드로플러스디정,농축콜레칼시페롤분말 / 알렌드론산나트륨수화물,True,알렌드론산,True,1,https://nedrug.mfds.go.kr/pbp/CCBBB01/getItemDetail?itemSeq=201309508,nedrug.searchDrug,2026-06-11,nedrug.getItemDetail,2026-06-12,high,low,v0.7-combo-1,True,True,getItemDetail 상세확정: 복합제 주성분 중 relation 보유 성분 정확히 1개(=canonical). 복합제 고지 필요. G4 반영 대상,True,v0.7-combo-1,2026-06-12
알렌드론플러스디정,알렌드론산,201507818,알렌드론플러스디정,알렌드론산나트륨삼수화물 / 콜레칼시페롤농축분말,True,알렌드론산,True,1,https://nedrug.mfds.go.kr/pbp/CCBBB01/getItemDetail?itemSeq=201507818,nedrug.searchDrug,2026-06-11,nedrug.getItemDetail,2026-06-12,high,low,v0.7-combo-1,True,True,getItemDetail 상세확정: 복합제 주성분 중 relation 보유 성분 정확히 1개(=canonical). 복합제 고지 필요. G4 반영 대상,True,v0.7-combo-1,2026-06-12
알렌드본플러스디정,알렌드론산,201506027,알렌드본플러스디정,알렌드론산나트륨삼수화물 / 콜레칼시페롤농축분말,True,알렌드론산,True,1,https://nedrug.mfds.go.kr/pbp/CCBBB01/getItemDetail?itemSeq=201506027,nedrug.searchDrug,2026-06-11,nedrug.getItemDetail,2026-06-12,high,low,v0.7-combo-1,True,True,getItemDetail 상세확정: 복합제 주성분 중 relation 보유 성분 정확히 1개(=canonical). 복합제 고지 필요. G4 반영 대상,True,v0.7-combo-1,2026-06-12
알렌드플러스디정,알렌드론산,201505935,알렌드플러스디정,농축콜레칼시페롤분말 / 알렌드론산나트륨수화물,True,알렌드론산,True,1,https://nedrug.mfds.go.kr/pbp/CCBBB01/getItemDetail?itemSeq=201505935,nedrug.searchDrug,2026-06-11,nedrug.getItemDetail,2026-06-12,high,low,v0.7-combo-1,True,True,getItemDetail 상세확정: 복합제 주성분 중 relation 보유 성분 정확히 1개(=canonical). 복합제 고지 필요. G4 반영 대상,True,v0.7-combo-1,2026-06-12
알렌맥스플러스디정,알렌드론산,201110502,알렌맥스플러스디정,알렌드론산나트륨삼수화물 / 콜레칼시페롤농축분말,True,알렌드론산,True,1,https://nedrug.mfds.go.kr/pbp/CCBBB01/getItemDetail?itemSeq=201110502,nedrug.searchDrug,2026-06-11,nedrug.getItemDetail,2026-06-12,high,low,v0.7-combo-1,True,True,getItemDetail 상세확정: 복합제 주성분 중 relation 보유 성분 정확히 1개(=canonical). 복합제 고지 필요. G4 반영 대상,True,v0.7-combo-1,2026-06-12
알렌탑플러스디정,알렌드론산,201308588,알렌탑플러스디정,농축콜레칼시페롤(분말형) / 알렌드론산나트륨수화물,True,알렌드론산,True,1,https://nedrug.mfds.go.kr/pbp/CCBBB01/getItemDetail?itemSeq=201308588,nedrug.searchDrug,2026-06-11,nedrug.getItemDetail,2026-06-12,high,low,v0.7-combo-1,True,True,getItemDetail 상세확정: 복합제 주성분 중 relation 보유 성분 정확히 1개(=canonical). 복합제 고지 필요. G4 반영 대상,True,v0.7-combo-1,2026-06-12
"알렌트플러스디정(알렌드론산나트륨삼수화물,콜레칼시페롤농축분말)",알렌드론산,201406187,"알렌트플러스디정(알렌드론산나트륨삼수화물,콜레칼시페롤농축분말)",알렌드론산나트륨삼수화물 / 콜레칼시페롤농축분말,True,알렌드론산,True,1,https://nedrug.mfds.go.kr/pbp/CCBBB01/getItemDetail?itemSeq=201406187,nedrug.searchDrug,2026-06-11,nedrug.getItemDetail,2026-06-12,high,low,v0.7-combo-1,True,True,getItemDetail 상세확정: 복합제 주성분 중 relation 보유 성분 정확히 1개(=canonical). 복합제 고지 필요. G4 반영 대상,True,v0.7-combo-1,2026-06-12
알렌포스플러스디정,알렌드론산,201203534,알렌포스플러스디정,농축콜레칼시페롤과립 / 알렌드론산나트륨삼수화물,True,알렌드론산,True,1,https://nedrug.mfds.go.kr/pbp/CCBBB01/getItemDetail?itemSeq=201203534,nedrug.searchDrug,2026-06-11,nedrug.getItemDetail,2026-06-12,high,low,v0.7-combo-1,True,True,getItemDetail 상세확정: 복합제 주성분 중 relation 보유 성분 정확히 1개(=canonical). 복합제 고지 필요. G4 반영 대상,True,v0.7-combo-1,2026-06-12
알로네이트플러스정,알렌드론산,201405282,알로네이트플러스정,농축콜레칼시페롤분말 / 알렌드론산나트륨수화물,True,알렌드론산,True,1,https://nedrug.mfds.go.kr/pbp/CCBBB01/getItemDetail?itemSeq=201405282,nedrug.searchDrug,2026-06-11,nedrug.getItemDetail,2026-06-12,high,low,v0.7-combo-1,True,True,getItemDetail 상세확정: 복합제 주성분 중 relation 보유 성분 정확히 1개(=canonical). 복합제 고지 필요. G4 반영 대상,True,v0.7-combo-1,2026-06-12
알로본플러스디정,알렌드론산,201508499,알로본플러스디정,알렌드론산나트륨삼수화물 / 콜레칼시페롤농축분말,True,알렌드론산,True,1,https://nedrug.mfds.go.kr/pbp/CCBBB01/getItemDetail?itemSeq=201508499,nedrug.searchDrug,2026-06-11,nedrug.getItemDetail,2026-06-12,high,low,v0.7-combo-1,True,True,getItemDetail 상세확정: 복합제 주성분 중 relation 보유 성분 정확히 1개(=canonical). 복합제 고지 필요. G4 반영 대상,True,v0.7-combo-1,2026-06-12
애드본플러스디정,알렌드론산,201202770,애드본플러스디정,농축콜레칼시페롤분말 / 알렌드론산나트륨수화물,True,알렌드론산,True,1,https://nedrug.mfds.go.kr/pbp/CCBBB01/getItemDetail?itemSeq=201202770,nedrug.searchDrug,2026-06-11,nedrug.getItemDetail,2026-06-12,high,low,v0.7-combo-1,True,True,getItemDetail 상세확정: 복합제 주성분 중 relation 보유 성분 정확히 1개(=canonical). 복합제 고지 필요. G4 반영 대상,True,v0.7-combo-1,2026-06-12
오스플러스디정,알렌드론산,201207585,오스플러스디정,알렌드론산나트륨삼수화물 / 콜레칼시페롤농축분말,True,알렌드론산,True,1,https://nedrug.mfds.go.kr/pbp/CCBBB01/getItemDetail?itemSeq=201207585,nedrug.searchDrug,2026-06-11,nedrug.getItemDetail,2026-06-12,high,low,v0.7-combo-1,True,True,getItemDetail 상세확정: 복합제 주성분 중 relation 보유 성분 정확히 1개(=canonical). 복합제 고지 필요. G4 반영 대상,True,v0.7-combo-1,2026-06-12
지노드론플러스디정,알렌드론산,201404026,지노드론플러스디정,알렌드론산나트륨삼수화물 / 콜레칼시페롤농축분말,True,알렌드론산,True,1,https://nedrug.mfds.go.kr/pbp/CCBBB01/getItemDetail?itemSeq=201404026,nedrug.searchDrug,2026-06-11,nedrug.getItemDetail,2026-06-12,high,low,v0.7-combo-1,True,True,getItemDetail 상세확정: 복합제 주성분 중 relation 보유 성분 정확히 1개(=canonical). 복합제 고지 필요. G4 반영 대상,True,v0.7-combo-1,2026-06-12
포렌드플러스디정,알렌드론산,201203484,포렌드플러스디정,알렌드론산나트륨삼수화물 / 콜레칼시페롤농축분말,True,알렌드론산,True,1,https://nedrug.mfds.go.kr/pbp/CCBBB01/getItemDetail?itemSeq=201203484,nedrug.searchDrug,2026-06-11,nedrug.getItemDetail,2026-06-12,high,low,v0.7-combo-1,True,True,getItemDetail 상세확정: 복합제 주성분 중 relation 보유 성분 정확히 1개(=canonical). 복합제 고지 필요. G4 반영 대상,True,v0.7-combo-1,2026-06-12
포사롱플러스디정,알렌드론산,201401931,포사롱플러스디정,농축콜레칼시페롤분말 / 알렌드론산나트륨수화물,True,알렌드론산,True,1,https://nedrug.mfds.go.kr/pbp/CCBBB01/getItemDetail?itemSeq=201401931,nedrug.searchDrug,2026-06-12,nedrug.getItemDetail,2026-06-12,high,low,v0.7-combo-1,True,True,getItemDetail 상세확정: 복합제 주성분 중 relation 보유 성분 정확히 1개(=canonical). 복합제 고지 필요. G4 반영 대상,True,v0.7-combo-1,2026-06-12
포사맥스플러스디정,알렌드론산,200711426,포사맥스플러스디정,농축콜레칼시페롤 과립 / 알렌드론산나트륨수화물,True,알렌드론산,True,1,https://nedrug.mfds.go.kr/pbp/CCBBB01/getItemDetail?itemSeq=200711426,nedrug.searchDrug,2026-06-12,nedrug.getItemDetail,2026-06-12,high,low,v0.7-combo-1,True,True,getItemDetail 상세확정: 복합제 주성분 중 relation 보유 성분 정확히 1개(=canonical). 복합제 고지 필요. G4 반영 대상,True,v0.7-combo-1,2026-06-12
포사맥스플러스정,알렌드론산,200511266,포사맥스플러스정,농축콜레칼시페롤 과립 / 알렌드론산나트륨수화물,True,알렌드론산,True,1,https://nedrug.mfds.go.kr/pbp/CCBBB01/getItemDetail?itemSeq=200511266,nedrug.searchDrug,2026-06-12,nedrug.getItemDetail,2026-06-12,high,low,v0.7-combo-1,True,True,getItemDetail 상세확정: 복합제 주성분 중 relation 보유 성분 정확히 1개(=canonical). 복합제 고지 필요. G4 반영 대상,True,v0.7-combo-1,2026-06-12
포사제닉플러스디정,알렌드론산,201207689,포사제닉플러스디정,알렌드론산나트륨 / 콜레칼시페롤농축분말,True,알렌드론산,True,1,https://nedrug.mfds.go.kr/pbp/CCBBB01/getItemDetail?itemSeq=201207689,nedrug.searchDrug,2026-06-12,nedrug.getItemDetail,2026-06-12,high,low,v0.7-combo-1,True,True,getItemDetail 상세확정: 복합제 주성분 중 relation 보유 성분 정확히 1개(=canonical). 복합제 고지 필요. G4 반영 대상,True,v0.7-combo-1,2026-06-12
플러스디알레드론정,알렌드론산,201403971,플러스디알레드론정,농축콜레칼시페롤분말 / 알렌드론산나트륨수화물,True,알렌드론산,True,1,https://nedrug.mfds.go.kr/pbp/CCBBB01/getItemDetail?itemSeq=201403971,nedrug.searchDrug,2026-06-12,nedrug.getItemDetail,2026-06-12,high,low,v0.7-combo-1,True,True,getItemDetail 상세확정: 복합제 주성분 중 relation 보유 성분 정확히 1개(=canonical). 복합제 고지 필요. G4 반영 대상,True,v0.7-combo-1,2026-06-12
"가나플럭스정20/1100밀리그램(오메프라졸,탄산수소나트륨)",오메프라졸,201706222,"가나플럭스정20/1100밀리그램(오메프라졸,탄산수소나트륨)",오메프라졸 / 탄산수소나트륨,True,오메프라졸,True,1,https://nedrug.mfds.go.kr/pbp/CCBBB01/getItemDetail?itemSeq=201706222,nedrug.searchDrug,2026-06-11,nedrug.getItemDetail,2026-06-12,high,low,v0.7-combo-1,True,True,getItemDetail 상세확정: 복합제 주성분 중 relation 보유 성분 정확히 1개(=canonical). 복합제 고지 필요. G4 반영 대상,True,v0.7-combo-1,2026-06-12
"가나플럭스정40/1100밀리그램(오메프라졸,탄산수소나트륨)",오메프라졸,201504045,"가나플럭스정40/1100밀리그램(오메프라졸,탄산수소나트륨)",오메프라졸 / 탄산수소나트륨,True,오메프라졸,True,1,https://nedrug.mfds.go.kr/pbp/CCBBB01/getItemDetail?itemSeq=201504045,nedrug.searchDrug,2026-06-11,nedrug.getItemDetail,2026-06-12,high,low,v0.7-combo-1,True,True,getItemDetail 상세확정: 복합제 주성분 중 relation 보유 성분 정확히 1개(=canonical). 복합제 고지 필요. G4 반영 대상,True,v0.7-combo-1,2026-06-12
"오메드플러스정10/300mg(오메프라졸,침강탄산칼슘)",오메프라졸,202601398,"오메드플러스정10/300mg(오메프라졸,침강탄산칼슘)",오메프라졸 / 침강탄산칼슘,True,오메프라졸,True,1,https://nedrug.mfds.go.kr/pbp/CCBBB01/getItemDetail?itemSeq=202601398,nedrug.searchDrug,2026-06-12,nedrug.getItemDetail,2026-06-12,high,low,v0.7-combo-1,True,True,getItemDetail 상세확정: 복합제 주성분 중 relation 보유 성분 정확히 1개(=canonical). 복합제 고지 필요. G4 반영 대상,True,v0.7-combo-1,2026-06-12
"오메드플러스정20/600mg(오메프라졸,침강탄산칼슘)",오메프라졸,202601399,"오메드플러스정20/600mg(오메프라졸,침강탄산칼슘)",오메프라졸 / 침강탄산칼슘,True,오메프라졸,True,1,https://nedrug.mfds.go.kr/pbp/CCBBB01/getItemDetail?itemSeq=202601399,nedrug.searchDrug,2026-06-12,nedrug.getItemDetail,2026-06-12,high,low,v0.7-combo-1,True,True,getItemDetail 상세확정: 복합제 주성분 중 relation 보유 성분 정확히 1개(=canonical). 복합제 고지 필요. G4 반영 대상,True,v0.7-combo-1,2026-06-12
제로시드정20/1100밀리그램,오메프라졸,201706221,제로시드정20/1100밀리그램,오메프라졸 / 탄산수소나트륨,True,오메프라졸,True,1,https://nedrug.mfds.go.kr/pbp/CCBBB01/getItemDetail?itemSeq=201706221,nedrug.searchDrug,2026-06-12,nedrug.getItemDetail,2026-06-12,high,low,v0.7-combo-1,True,True,getItemDetail 상세확정: 복합제 주성분 중 relation 보유 성분 정확히 1개(=canonical). 복합제 고지 필요. G4 반영 대상,True,v0.7-combo-1,2026-06-12
제로시드정40/1100밀리그램,오메프라졸,201504046,제로시드정40/1100밀리그램,오메프라졸 / 탄산수소나트륨,True,오메프라졸,True,1,https://nedrug.mfds.go.kr/pbp/CCBBB01/getItemDetail?itemSeq=201504046,nedrug.searchDrug,2026-06-12,nedrug.getItemDetail,2026-06-12,high,low,v0.7-combo-1,True,True,getItemDetail 상세확정: 복합제 주성분 중 relation 보유 성분 정확히 1개(=canonical). 복합제 고지 필요. G4 반영 대상,True,v0.7-combo-1,2026-06-12
