candidate_alias,canonical_ingredient,item_seq,item_name,ingr_name,source_url,source_method,source_checked_at,detail_source_method,detail_checked_at,confidence,risk_level,batch_id,approved_ready,incorporated,reason,reviewer_required,incorporated_alias_batch,incorporated_at
레플로신정100밀리그램(레보플록사신수화물),레보플록사신,201901699,레플로신정100밀리그램(레보플록사신수화물),레보플록사신수화물,https://nedrug.mfds.go.kr/pbp/CCBBB01/getItemDetail?itemSeq=201901699,nedrug.getItemDetail,2026-06-12,nedrug.getItemDetail,2026-06-12,high,low,v0.6-batch-8,true,true,getItemDetail 상세확정(품목명·단일주성분 일치). 사람 검토 후 다음 batch 반영 대상,true,v0.6-batch8,2026-06-12
레플록신정500mg(레보플록사신),레보플록사신,201508138,레플록신정500mg(레보플록사신),레보플록사신수화물,https://nedrug.mfds.go.kr/pbp/CCBBB01/getItemDetail?itemSeq=201508138,nedrug.getItemDetail,2026-06-12,nedrug.getItemDetail,2026-06-12,high,low,v0.6-batch-8,true,true,getItemDetail 상세확정(품목명·단일주성분 일치). 사람 검토 후 다음 batch 반영 대상,true,v0.6-batch8,2026-06-12
렉타신정250밀리그램(레보플록사신수화물),레보플록사신,200804225,렉타신정250밀리그램(레보플록사신수화물),레보플록사신수화물,https://nedrug.mfds.go.kr/pbp/CCBBB01/getItemDetail?itemSeq=200804225,nedrug.getItemDetail,2026-06-12,nedrug.getItemDetail,2026-06-12,high,low,v0.6-batch-8,true,true,getItemDetail 상세확정(품목명·단일주성분 일치). 사람 검토 후 다음 batch 반영 대상,true,v0.6-batch8,2026-06-12
리플록신정100밀리그램(레보플록사신수화물),레보플록사신,201404979,리플록신정100밀리그램(레보플록사신수화물),레보플록사신수화물,https://nedrug.mfds.go.kr/pbp/CCBBB01/getItemDetail?itemSeq=201404979,nedrug.getItemDetail,2026-06-12,nedrug.getItemDetail,2026-06-12,high,low,v0.6-batch-8,true,true,getItemDetail 상세확정(품목명·단일주성분 일치). 사람 검토 후 다음 batch 반영 대상,true,v0.6-batch8,2026-06-12
리플록신정250밀리그램(레보플록사신수화물),레보플록사신,202001396,리플록신정250밀리그램(레보플록사신수화물),레보플록사신수화물,https://nedrug.mfds.go.kr/pbp/CCBBB01/getItemDetail?itemSeq=202001396,nedrug.getItemDetail,2026-06-12,nedrug.getItemDetail,2026-06-12,high,low,v0.6-batch-8,true,true,getItemDetail 상세확정(품목명·단일주성분 일치). 사람 검토 후 다음 batch 반영 대상,true,v0.6-batch8,2026-06-12
리플록신정500밀리그램(레보플록사신수화물),레보플록사신,202002669,리플록신정500밀리그램(레보플록사신수화물),레보플록사신수화물,https://nedrug.mfds.go.kr/pbp/CCBBB01/getItemDetail?itemSeq=202002669,nedrug.getItemDetail,2026-06-12,nedrug.getItemDetail,2026-06-12,high,low,v0.6-batch-8,true,true,getItemDetail 상세확정(품목명·단일주성분 일치). 사람 검토 후 다음 batch 반영 대상,true,v0.6-batch8,2026-06-12
셀트리온레보플록사신정100밀리그램(레보플록사신수화물),레보플록사신,201603130,셀트리온레보플록사신정100밀리그램(레보플록사신수화물),레보플록사신수화물,https://nedrug.mfds.go.kr/pbp/CCBBB01/getItemDetail?itemSeq=201603130,nedrug.getItemDetail,2026-06-12,nedrug.getItemDetail,2026-06-12,high,low,v0.6-batch-8,true,true,getItemDetail 상세확정(품목명·단일주성분 일치). 사람 검토 후 다음 batch 반영 대상,true,v0.6-batch8,2026-06-12
알피레보플록사신정100밀리그램(레보플록사신수화물),레보플록사신,201403186,알피레보플록사신정100밀리그램(레보플록사신수화물),레보플록사신수화물,https://nedrug.mfds.go.kr/pbp/CCBBB01/getItemDetail?itemSeq=201403186,nedrug.getItemDetail,2026-06-12,nedrug.getItemDetail,2026-06-12,high,low,v0.6-batch-8,true,true,getItemDetail 상세확정(품목명·단일주성분 일치). 사람 검토 후 다음 batch 반영 대상,true,v0.6-batch8,2026-06-12
알피레보플록사신정250mg(레보플록사신수화물),레보플록사신,201702349,알피레보플록사신정250mg(레보플록사신수화물),레보플록사신수화물,https://nedrug.mfds.go.kr/pbp/CCBBB01/getItemDetail?itemSeq=201702349,nedrug.getItemDetail,2026-06-12,nedrug.getItemDetail,2026-06-12,high,low,v0.6-batch-8,true,true,getItemDetail 상세확정(품목명·단일주성분 일치). 사람 검토 후 다음 batch 반영 대상,true,v0.6-batch8,2026-06-12
원플록신정(레보플록사신수화물),레보플록사신,199801522,원플록신정(레보플록사신수화물),레보플록사신수화물,https://nedrug.mfds.go.kr/pbp/CCBBB01/getItemDetail?itemSeq=199801522,nedrug.getItemDetail,2026-06-12,nedrug.getItemDetail,2026-06-12,high,low,v0.6-batch-8,true,true,getItemDetail 상세확정(품목명·단일주성분 일치). 사람 검토 후 다음 batch 반영 대상,true,v0.6-batch8,2026-06-12
위더스레보플록사신정100밀리그램(레보플록사신수화물),레보플록사신,200301937,위더스레보플록사신정100밀리그램(레보플록사신수화물),레보플록사신수화물,https://nedrug.mfds.go.kr/pbp/CCBBB01/getItemDetail?itemSeq=200301937,nedrug.getItemDetail,2026-06-12,nedrug.getItemDetail,2026-06-12,high,low,v0.6-batch-8,true,true,getItemDetail 상세확정(품목명·단일주성분 일치). 사람 검토 후 다음 batch 반영 대상,true,v0.6-batch8,2026-06-12
위더스레보플록사신정500밀리그램(레보플록사신수화물),레보플록사신,201105697,위더스레보플록사신정500밀리그램(레보플록사신수화물),레보플록사신수화물,https://nedrug.mfds.go.kr/pbp/CCBBB01/getItemDetail?itemSeq=201105697,nedrug.getItemDetail,2026-06-12,nedrug.getItemDetail,2026-06-12,high,low,v0.6-batch-8,true,true,getItemDetail 상세확정(품목명·단일주성분 일치). 사람 검토 후 다음 batch 반영 대상,true,v0.6-batch8,2026-06-12
유니레보정(레보플록사신수화물),레보플록사신,200403041,유니레보정(레보플록사신수화물),레보플록사신수화물,https://nedrug.mfds.go.kr/pbp/CCBBB01/getItemDetail?itemSeq=200403041,nedrug.getItemDetail,2026-06-12,nedrug.getItemDetail,2026-06-12,high,low,v0.6-batch-8,true,true,getItemDetail 상세확정(품목명·단일주성분 일치). 사람 검토 후 다음 batch 반영 대상,true,v0.6-batch8,2026-06-12
유로레보정250mg(레보플록사신수화물),레보플록사신,201607032,유로레보정250mg(레보플록사신수화물),레보플록사신수화물,https://nedrug.mfds.go.kr/pbp/CCBBB01/getItemDetail?itemSeq=201607032,nedrug.getItemDetail,2026-06-12,nedrug.getItemDetail,2026-06-12,high,low,v0.6-batch-8,true,true,getItemDetail 상세확정(품목명·단일주성분 일치). 사람 검토 후 다음 batch 반영 대상,true,v0.6-batch8,2026-06-12
글루코프리서방정1000밀리그램(메트포르민염산염),메트포르민,201701004,글루코프리서방정1000밀리그램(메트포르민염산염),메트포르민염산염,https://nedrug.mfds.go.kr/pbp/CCBBB01/getItemDetail?itemSeq=201701004,nedrug.getItemDetail,2026-06-12,nedrug.getItemDetail,2026-06-12,high,low,v0.6-batch-8,true,true,getItemDetail 상세확정(품목명·단일주성분 일치). 사람 검토 후 다음 batch 반영 대상,true,v0.6-batch8,2026-06-12
글루코프리서방정500밀리그램(메트포르민염산염),메트포르민,200701403,글루코프리서방정500밀리그램(메트포르민염산염),메트포르민염산염,https://nedrug.mfds.go.kr/pbp/CCBBB01/getItemDetail?itemSeq=200701403,nedrug.getItemDetail,2026-06-12,nedrug.getItemDetail,2026-06-12,high,low,v0.6-batch-8,true,true,getItemDetail 상세확정(품목명·단일주성분 일치). 사람 검토 후 다음 batch 반영 대상,true,v0.6-batch8,2026-06-12
글루코프리서방정750밀리그램(메트포르민염산염),메트포르민,200802053,글루코프리서방정750밀리그램(메트포르민염산염),메트포르민염산염,https://nedrug.mfds.go.kr/pbp/CCBBB01/getItemDetail?itemSeq=200802053,nedrug.getItemDetail,2026-06-12,nedrug.getItemDetail,2026-06-12,high,low,v0.6-batch-8,true,true,getItemDetail 상세확정(품목명·단일주성분 일치). 사람 검토 후 다음 batch 반영 대상,true,v0.6-batch8,2026-06-12
글루테니어정500mg(메트포르민염산염),메트포르민,201907031,글루테니어정500mg(메트포르민염산염),메트포르민염산염,https://nedrug.mfds.go.kr/pbp/CCBBB01/getItemDetail?itemSeq=201907031,nedrug.getItemDetail,2026-06-12,nedrug.getItemDetail,2026-06-12,high,low,v0.6-batch-8,true,true,getItemDetail 상세확정(품목명·단일주성분 일치). 사람 검토 후 다음 batch 반영 대상,true,v0.6-batch8,2026-06-12
글루파민서방정500밀리그램(메트포르민염산염),메트포르민,201206761,글루파민서방정500밀리그램(메트포르민염산염),메트포르민염산염,https://nedrug.mfds.go.kr/pbp/CCBBB01/getItemDetail?itemSeq=201206761,nedrug.getItemDetail,2026-06-12,nedrug.getItemDetail,2026-06-12,high,low,v0.6-batch-8,true,true,getItemDetail 상세확정(품목명·단일주성분 일치). 사람 검토 후 다음 batch 반영 대상,true,v0.6-batch8,2026-06-12
글루파엑스알서방정1000밀리그램(메트포르민염산염),메트포르민,202000161,글루파엑스알서방정1000밀리그램(메트포르민염산염),메트포르민염산염,https://nedrug.mfds.go.kr/pbp/CCBBB01/getItemDetail?itemSeq=202000161,nedrug.getItemDetail,2026-06-12,nedrug.getItemDetail,2026-06-12,high,low,v0.6-batch-8,true,true,getItemDetail 상세확정(품목명·단일주성분 일치). 사람 검토 후 다음 batch 반영 대상,true,v0.6-batch8,2026-06-12
글루파엑스알서방정500밀리그램(메트포르민염산염),메트포르민,202301018,글루파엑스알서방정500밀리그램(메트포르민염산염),메트포르민염산염,https://nedrug.mfds.go.kr/pbp/CCBBB01/getItemDetail?itemSeq=202301018,nedrug.getItemDetail,2026-06-12,nedrug.getItemDetail,2026-06-12,high,low,v0.6-batch-8,true,true,getItemDetail 상세확정(품목명·단일주성분 일치). 사람 검토 후 다음 batch 반영 대상,true,v0.6-batch8,2026-06-12
글루파엑스알서방정850밀리그램(메트포르민염산염),메트포르민,202104996,글루파엑스알서방정850밀리그램(메트포르민염산염),메트포르민염산염,https://nedrug.mfds.go.kr/pbp/CCBBB01/getItemDetail?itemSeq=202104996,nedrug.getItemDetail,2026-06-12,nedrug.getItemDetail,2026-06-12,high,low,v0.6-batch-8,true,true,getItemDetail 상세확정(품목명·단일주성분 일치). 사람 검토 후 다음 batch 반영 대상,true,v0.6-batch8,2026-06-12
"글루파정1,000㎎(메트포르민염산염)",메트포르민,200101317,"글루파정1,000㎎(메트포르민염산염)",메트포르민염산염,https://nedrug.mfds.go.kr/pbp/CCBBB01/getItemDetail?itemSeq=200101317,nedrug.getItemDetail,2026-06-12,nedrug.getItemDetail,2026-06-12,high,low,v0.6-batch-8,true,true,getItemDetail 상세확정(품목명·단일주성분 일치). 사람 검토 후 다음 batch 반영 대상,true,v0.6-batch8,2026-06-12
글루파정250mg(메트포르민염산염),메트포르민,200401527,글루파정250mg(메트포르민염산염),메트포르민염산염,https://nedrug.mfds.go.kr/pbp/CCBBB01/getItemDetail?itemSeq=200401527,nedrug.getItemDetail,2026-06-12,nedrug.getItemDetail,2026-06-12,high,low,v0.6-batch-8,true,true,getItemDetail 상세확정(품목명·단일주성분 일치). 사람 검토 후 다음 batch 반영 대상,true,v0.6-batch8,2026-06-12
알피시프록정250mg(시프로플록사신염산염수화물),시프로플록사신,201907281,알피시프록정250mg(시프로플록사신염산염수화물),시프로플록사신염산염수화물,https://nedrug.mfds.go.kr/pbp/CCBBB01/getItemDetail?itemSeq=201907281,nedrug.getItemDetail,2026-06-12,nedrug.getItemDetail,2026-06-12,high,low,v0.6-batch-8,true,true,getItemDetail 상세확정(품목명·단일주성분 일치). 사람 검토 후 다음 batch 반영 대상,true,v0.6-batch8,2026-06-12
에프로신정(시프로플록사신염산염수화물),시프로플록사신,199703531,에프로신정(시프로플록사신염산염수화물),시프로플록사신염산염수화물,https://nedrug.mfds.go.kr/pbp/CCBBB01/getItemDetail?itemSeq=199703531,nedrug.getItemDetail,2026-06-12,nedrug.getItemDetail,2026-06-12,high,low,v0.6-batch-8,true,true,getItemDetail 상세확정(품목명·단일주성분 일치). 사람 검토 후 다음 batch 반영 대상,true,v0.6-batch8,2026-06-12
일양바이오염산시프로플록사신정,시프로플록사신,200503799,일양바이오염산시프로플록사신정,시프로플록사신염산염수화물,https://nedrug.mfds.go.kr/pbp/CCBBB01/getItemDetail?itemSeq=200503799,nedrug.getItemDetail,2026-06-12,nedrug.getItemDetail,2026-06-12,high,low,v0.6-batch-8,true,true,getItemDetail 상세확정(품목명·단일주성분 일치). 사람 검토 후 다음 batch 반영 대상,true,v0.6-batch8,2026-06-12
참염산시프로플록사신정,시프로플록사신,199202944,참염산시프로플록사신정,시프로플록사신염산염수화물,https://nedrug.mfds.go.kr/pbp/CCBBB01/getItemDetail?itemSeq=199202944,nedrug.getItemDetail,2026-06-12,nedrug.getItemDetail,2026-06-12,high,low,v0.6-batch-8,true,true,getItemDetail 상세확정(품목명·단일주성분 일치). 사람 검토 후 다음 batch 반영 대상,true,v0.6-batch8,2026-06-12
케이사신정250밀리그램(시프로플록사신염산염수화물),시프로플록사신,199100923,케이사신정250밀리그램(시프로플록사신염산염수화물),시프로플록사신염산염수화물,https://nedrug.mfds.go.kr/pbp/CCBBB01/getItemDetail?itemSeq=199100923,nedrug.getItemDetail,2026-06-12,nedrug.getItemDetail,2026-06-12,high,low,v0.6-batch-8,true,true,getItemDetail 상세확정(품목명·단일주성분 일치). 사람 검토 후 다음 batch 반영 대상,true,v0.6-batch8,2026-06-12
큐프론정(시프로플록사신염산염수화물),시프로플록사신,199400029,큐프론정(시프로플록사신염산염수화물),시프로플록사신염산염수화물,https://nedrug.mfds.go.kr/pbp/CCBBB01/getItemDetail?itemSeq=199400029,nedrug.getItemDetail,2026-06-12,nedrug.getItemDetail,2026-06-12,high,low,v0.6-batch-8,true,true,getItemDetail 상세확정(품목명·단일주성분 일치). 사람 검토 후 다음 batch 반영 대상,true,v0.6-batch8,2026-06-12
키포신정(시프로플록사신염산염수화물),시프로플록사신,199200423,키포신정(시프로플록사신염산염수화물),시프로플록사신염산염수화물,https://nedrug.mfds.go.kr/pbp/CCBBB01/getItemDetail?itemSeq=199200423,nedrug.getItemDetail,2026-06-12,nedrug.getItemDetail,2026-06-12,high,low,v0.6-batch-8,true,true,getItemDetail 상세확정(품목명·단일주성분 일치). 사람 검토 후 다음 batch 반영 대상,true,v0.6-batch8,2026-06-12
파마시프로플록사신정250mg(시프로플록사신염산염수화물),시프로플록사신,199401094,파마시프로플록사신정250mg(시프로플록사신염산염수화물),시프로플록사신염산염수화물,https://nedrug.mfds.go.kr/pbp/CCBBB01/getItemDetail?itemSeq=199401094,nedrug.getItemDetail,2026-06-12,nedrug.getItemDetail,2026-06-12,high,low,v0.6-batch-8,true,true,getItemDetail 상세확정(품목명·단일주성분 일치). 사람 검토 후 다음 batch 반영 대상,true,v0.6-batch8,2026-06-12
팜젠시프로플록사신정250mg(시프로플록사신염산염),시프로플록사신,201801715,팜젠시프로플록사신정250mg(시프로플록사신염산염),시프로플록사신염산염,https://nedrug.mfds.go.kr/pbp/CCBBB01/getItemDetail?itemSeq=201801715,nedrug.getItemDetail,2026-06-12,nedrug.getItemDetail,2026-06-12,high,low,v0.6-batch-8,true,true,getItemDetail 상세확정(품목명·단일주성분 일치). 사람 검토 후 다음 batch 반영 대상,true,v0.6-batch8,2026-06-12
푸로포신정250밀리그램(시프로플록사신염산염수화물),시프로플록사신,199102393,푸로포신정250밀리그램(시프로플록사신염산염수화물),시프로플록사신염산염수화물,https://nedrug.mfds.go.kr/pbp/CCBBB01/getItemDetail?itemSeq=199102393,nedrug.getItemDetail,2026-06-12,nedrug.getItemDetail,2026-06-12,high,low,v0.6-batch-8,true,true,getItemDetail 상세확정(품목명·단일주성분 일치). 사람 검토 후 다음 batch 반영 대상,true,v0.6-batch8,2026-06-12
프로딘정250mg(시프로플록사신염산염수화물),시프로플록사신,199202222,프로딘정250mg(시프로플록사신염산염수화물),시프로플록사신염산염수화물,https://nedrug.mfds.go.kr/pbp/CCBBB01/getItemDetail?itemSeq=199202222,nedrug.getItemDetail,2026-06-12,nedrug.getItemDetail,2026-06-12,high,low,v0.6-batch-8,true,true,getItemDetail 상세확정(품목명·단일주성분 일치). 사람 검토 후 다음 batch 반영 대상,true,v0.6-batch8,2026-06-12
프록사신바이정(시프로플록사신염산염수화물),시프로플록사신,201402714,프록사신바이정(시프로플록사신염산염수화물),시프로플록사신염산염수화물,https://nedrug.mfds.go.kr/pbp/CCBBB01/getItemDetail?itemSeq=201402714,nedrug.getItemDetail,2026-06-12,nedrug.getItemDetail,2026-06-12,high,low,v0.6-batch-8,true,true,getItemDetail 상세확정(품목명·단일주성분 일치). 사람 검토 후 다음 batch 반영 대상,true,v0.6-batch8,2026-06-12
프록스코정(시프로플록사신염산염),시프로플록사신,199701894,프록스코정(시프로플록사신염산염),시프로플록사신염산염,https://nedrug.mfds.go.kr/pbp/CCBBB01/getItemDetail?itemSeq=199701894,nedrug.getItemDetail,2026-06-12,nedrug.getItemDetail,2026-06-12,high,low,v0.6-batch-8,true,true,getItemDetail 상세확정(품목명·단일주성분 일치). 사람 검토 후 다음 batch 반영 대상,true,v0.6-batch8,2026-06-12
오메푸졸캡슐(오메프라졸),오메프라졸,201602713,오메푸졸캡슐(오메프라졸),오메프라졸장용성과립,https://nedrug.mfds.go.kr/pbp/CCBBB01/getItemDetail?itemSeq=201602713,nedrug.getItemDetail,2026-06-12,nedrug.getItemDetail,2026-06-12,high,low,v0.6-batch-8,true,true,getItemDetail 상세확정(품목명·단일주성분 일치). 사람 검토 후 다음 batch 반영 대상,true,v0.6-batch8,2026-06-12
오메프라존캡슐(오메프라졸),오메프라졸,201308902,오메프라존캡슐(오메프라졸),오메프라졸장용성과립,https://nedrug.mfds.go.kr/pbp/CCBBB01/getItemDetail?itemSeq=201308902,nedrug.getItemDetail,2026-06-12,nedrug.getItemDetail,2026-06-12,high,low,v0.6-batch-8,true,true,getItemDetail 상세확정(품목명·단일주성분 일치). 사람 검토 후 다음 batch 반영 대상,true,v0.6-batch8,2026-06-12
오메프란캡슐20밀리그램(오메프라졸),오메프라졸,201906572,오메프란캡슐20밀리그램(오메프라졸),오메프라졸 장용성과립,https://nedrug.mfds.go.kr/pbp/CCBBB01/getItemDetail?itemSeq=201906572,nedrug.getItemDetail,2026-06-12,nedrug.getItemDetail,2026-06-12,high,low,v0.6-batch-8,true,true,getItemDetail 상세확정(품목명·단일주성분 일치). 사람 검토 후 다음 batch 반영 대상,true,v0.6-batch8,2026-06-12
오메프투캡슐(오메프라졸),오메프라졸,201902081,오메프투캡슐(오메프라졸),오메프라졸장용성과립,https://nedrug.mfds.go.kr/pbp/CCBBB01/getItemDetail?itemSeq=201902081,nedrug.getItemDetail,2026-06-12,nedrug.getItemDetail,2026-06-12,high,low,v0.6-batch-8,true,true,getItemDetail 상세확정(품목명·단일주성분 일치). 사람 검토 후 다음 batch 반영 대상,true,v0.6-batch8,2026-06-12
오멕스캡슐(오메프라졸),오메프라졸,199802675,오멕스캡슐(오메프라졸),오메프라졸장용성과립,https://nedrug.mfds.go.kr/pbp/CCBBB01/getItemDetail?itemSeq=199802675,nedrug.getItemDetail,2026-06-12,nedrug.getItemDetail,2026-06-12,high,low,v0.6-batch-8,true,true,getItemDetail 상세확정(품목명·단일주성분 일치). 사람 검토 후 다음 batch 반영 대상,true,v0.6-batch8,2026-06-12
오엠피정20밀리그램(오메프라졸),오메프라졸,199200236,오엠피정20밀리그램(오메프라졸),오메프라졸,https://nedrug.mfds.go.kr/pbp/CCBBB01/getItemDetail?itemSeq=199200236,nedrug.getItemDetail,2026-06-12,nedrug.getItemDetail,2026-06-12,high,low,v0.6-batch-8,true,true,getItemDetail 상세확정(품목명·단일주성분 일치). 사람 검토 후 다음 batch 반영 대상,true,v0.6-batch8,2026-06-12
오엠피정40밀리그램(오메프라졸),오메프라졸,199900120,오엠피정40밀리그램(오메프라졸),오메프라졸,https://nedrug.mfds.go.kr/pbp/CCBBB01/getItemDetail?itemSeq=199900120,nedrug.getItemDetail,2026-06-12,nedrug.getItemDetail,2026-06-12,high,low,v0.6-batch-8,true,true,getItemDetail 상세확정(품목명·단일주성분 일치). 사람 검토 후 다음 batch 반영 대상,true,v0.6-batch8,2026-06-12
오큐졸캡슐(오메프라졸),오메프라졸,200400949,오큐졸캡슐(오메프라졸),오메프라졸장용성과립,https://nedrug.mfds.go.kr/pbp/CCBBB01/getItemDetail?itemSeq=200400949,nedrug.getItemDetail,2026-06-12,nedrug.getItemDetail,2026-06-12,high,low,v0.6-batch-8,true,true,getItemDetail 상세확정(품목명·단일주성분 일치). 사람 검토 후 다음 batch 반영 대상,true,v0.6-batch8,2026-06-12
오프라졸캡슐(오메프라졸),오메프라졸,200400232,오프라졸캡슐(오메프라졸),오메프라졸장용성과립,https://nedrug.mfds.go.kr/pbp/CCBBB01/getItemDetail?itemSeq=200400232,nedrug.getItemDetail,2026-06-12,nedrug.getItemDetail,2026-06-12,high,low,v0.6-batch-8,true,true,getItemDetail 상세확정(품목명·단일주성분 일치). 사람 검토 후 다음 batch 반영 대상,true,v0.6-batch8,2026-06-12
오프라캡슐(오메프라졸),오메프라졸,200402816,오프라캡슐(오메프라졸),오메프라졸장용성과립,https://nedrug.mfds.go.kr/pbp/CCBBB01/getItemDetail?itemSeq=200402816,nedrug.getItemDetail,2026-06-12,nedrug.getItemDetail,2026-06-12,high,low,v0.6-batch-8,true,true,getItemDetail 상세확정(품목명·단일주성분 일치). 사람 검토 후 다음 batch 반영 대상,true,v0.6-batch8,2026-06-12
오프졸캡슐(오메프라졸),오메프라졸,200404039,오프졸캡슐(오메프라졸),오메프라졸장용성과립,https://nedrug.mfds.go.kr/pbp/CCBBB01/getItemDetail?itemSeq=200404039,nedrug.getItemDetail,2026-06-12,nedrug.getItemDetail,2026-06-12,high,low,v0.6-batch-8,true,true,getItemDetail 상세확정(품목명·단일주성분 일치). 사람 검토 후 다음 batch 반영 대상,true,v0.6-batch8,2026-06-12
오피라졸캡슐(오메프라졸),오메프라졸,201900638,오피라졸캡슐(오메프라졸),오메프라졸장용성과립,https://nedrug.mfds.go.kr/pbp/CCBBB01/getItemDetail?itemSeq=201900638,nedrug.getItemDetail,2026-06-12,nedrug.getItemDetail,2026-06-12,high,low,v0.6-batch-8,true,true,getItemDetail 상세확정(품목명·단일주성분 일치). 사람 검토 후 다음 batch 반영 대상,true,v0.6-batch8,2026-06-12
이연오메프라졸캡슐,오메프라졸,200702504,이연오메프라졸캡슐,오메프라졸장용과립,https://nedrug.mfds.go.kr/pbp/CCBBB01/getItemDetail?itemSeq=200702504,nedrug.getItemDetail,2026-06-12,nedrug.getItemDetail,2026-06-12,high,low,v0.6-batch-8,true,true,getItemDetail 상세확정(품목명·단일주성분 일치). 사람 검토 후 다음 batch 반영 대상,true,v0.6-batch8,2026-06-12
