rank,ingredient,product_count,therapeutic_class,relation_card,kpi_bucket,reason
1,프레가발린,200,신경/뇌,no,safe_name_only,"근거 약함/일반 계열(신경/뇌) — name_only/정보없음 안전응답, 검색은 정상 응답(실패 아님)"
2,피나스테리드,193,비뇨/전립선,no,safe_name_only,"근거 약함/일반 계열(비뇨/전립선) — name_only/정보없음 안전응답, 검색은 정상 응답(실패 아님)"
3,몬테루카스트나트륨,186,호흡기/알레르기,no,safe_name_only,"근거 약함/일반 계열(호흡기/알레르기) — name_only/정보없음 안전응답, 검색은 정상 응답(실패 아님)"
4,라베프라졸나트륨,174,소화/위장,yes,covered,"relation_card 보유(base=라베프라졸, relation_card 품목 174건) — source_confirmed 근거 존재"
5,모사프리드시트르산염수화물,160,소화/위장,no,relation_eligible_uncovered,"근거 개연 계열(소화/위장, 흡수/고갈 메커니즘 후보)인데 미커버 — source-check 우선 대상(확정 아님)"
6,탐스로신염산염,160,비뇨/전립선,no,safe_name_only,"근거 약함/일반 계열(비뇨/전립선) — name_only/정보없음 안전응답, 검색은 정상 응답(실패 아님)"
7,아목시실린수화물/묽은클라불란산칼륨,159,항생/항균,no,relation_eligible_uncovered,"근거 개연 계열(항생/항균, 흡수/고갈 메커니즘 후보)인데 미커버 — source-check 우선 대상(확정 아님)"
8,플루코나졸,156,항진균,no,safe_name_only,"근거 약함/일반 계열(항진균) — name_only/정보없음 안전응답, 검색은 정상 응답(실패 아님)"
9,타다라필,150,비뇨/전립선,no,safe_name_only,"근거 약함/일반 계열(비뇨/전립선) — name_only/정보없음 안전응답, 검색은 정상 응답(실패 아님)"
10,레바미피드,149,소화/위장,no,relation_eligible_uncovered,"근거 개연 계열(소화/위장, 흡수/고갈 메커니즘 후보)인데 미커버 — source-check 우선 대상(확정 아님)"
11,도네페질염산염수화물,146,신경/뇌,no,safe_name_only,"근거 약함/일반 계열(신경/뇌) — name_only/정보없음 안전응답, 검색은 정상 응답(실패 아님)"
12,클래리트로마이신,144,항생/항균,no,relation_eligible_uncovered,"근거 개연 계열(항생/항균, 흡수/고갈 메커니즘 후보)인데 미커버 — source-check 우선 대상(확정 아님)"
13,아세클로페낙,143,해열진통/소염,no,safe_name_only,"근거 약함/일반 계열(해열진통/소염) — name_only/정보없음 안전응답, 검색은 정상 응답(실패 아님)"
14,에페리손염산염,142,해열진통/소염,no,safe_name_only,"근거 약함/일반 계열(해열진통/소염) — name_only/정보없음 안전응답, 검색은 정상 응답(실패 아님)"
15,가바펜틴,137,신경/뇌,no,safe_name_only,"근거 약함/일반 계열(신경/뇌) — name_only/정보없음 안전응답, 검색은 정상 응답(실패 아님)"
16,글리메피리드,136,당뇨,no,relation_eligible_uncovered,"근거 개연 계열(당뇨, 흡수/고갈 메커니즘 후보)인데 미커버 — source-check 우선 대상(확정 아님)"
17,록소프로펜나트륨수화물,135,해열진통/소염,no,safe_name_only,"근거 약함/일반 계열(해열진통/소염) — name_only/정보없음 안전응답, 검색은 정상 응답(실패 아님)"
18,세파클러수화물,134,항생/항균,no,relation_eligible_uncovered,"근거 개연 계열(항생/항균, 흡수/고갈 메커니즘 후보)인데 미커버 — source-check 우선 대상(확정 아님)"
19,쿠에티아핀푸마르산염,130,정신건강(민감),no,blocked_sensitive,민감/고위험군(정신건강(민감)) — 임상판단·출혈/상호작용 위험으로 clinical reviewer 트랙 전까지 hold
20,사르포그렐레이트염산염,120,고혈압/심혈관,no,relation_eligible_uncovered,"근거 개연 계열(고혈압/심혈관, 흡수/고갈 메커니즘 후보)인데 미커버 — source-check 우선 대상(확정 아님)"
21,레보드로프로피진,119,호흡기/알레르기,no,safe_name_only,"근거 약함/일반 계열(호흡기/알레르기) — name_only/정보없음 안전응답, 검색은 정상 응답(실패 아님)"
22,솔리페나신숙신산염,115,비뇨/전립선,no,safe_name_only,"근거 약함/일반 계열(비뇨/전립선) — name_only/정보없음 안전응답, 검색은 정상 응답(실패 아님)"
23,토피라메이트,115,신경/뇌,no,safe_name_only,"근거 약함/일반 계열(신경/뇌) — name_only/정보없음 안전응답, 검색은 정상 응답(실패 아님)"
24,테르비나핀염산염,114,항진균,no,safe_name_only,"근거 약함/일반 계열(항진균) — name_only/정보없음 안전응답, 검색은 정상 응답(실패 아님)"
25,메트포르민,113,당뇨,yes,covered,"relation_card 보유(base=메트포르민, relation_card 품목 113건) — source_confirmed 근거 존재"
26,히드로클로로티아지드,113,고혈압/심혈관,yes,covered,"relation_card 보유(base=히드로클로로티아지드, relation_card 품목 113건) — source_confirmed 근거 존재"
27,플루옥세틴염산염,110,기타,no,safe_name_only,"근거 약함/일반 계열(기타) — name_only/정보없음 안전응답, 검색은 정상 응답(실패 아님)"
28,메만틴염산염,109,신경/뇌,no,safe_name_only,"근거 약함/일반 계열(신경/뇌) — name_only/정보없음 안전응답, 검색은 정상 응답(실패 아님)"
29,에르도스테인,109,기타,no,safe_name_only,"근거 약함/일반 계열(기타) — name_only/정보없음 안전응답, 검색은 정상 응답(실패 아님)"
30,파모티딘,106,소화/위장,no,relation_eligible_uncovered,"근거 개연 계열(소화/위장, 흡수/고갈 메커니즘 후보)인데 미커버 — source-check 우선 대상(확정 아님)"
31,로수바스타틴칼슘,105,고지혈증,no,safe_name_only,"근거 약함/일반 계열(고지혈증) — name_only/정보없음 안전응답, 검색은 정상 응답(실패 아님)"
32,실로스타졸,103,고혈압/심혈관,no,relation_eligible_uncovered,"근거 개연 계열(고혈압/심혈관, 흡수/고갈 메커니즘 후보)인데 미커버 — source-check 우선 대상(확정 아님)"
33,에스시탈로프람옥살산염,103,정신건강(민감),no,blocked_sensitive,민감/고위험군(정신건강(민감)) — 임상판단·출혈/상호작용 위험으로 clinical reviewer 트랙 전까지 hold
34,로사르탄칼륨,101,고혈압/심혈관,no,relation_eligible_uncovered,"근거 개연 계열(고혈압/심혈관, 흡수/고갈 메커니즘 후보)인데 미커버 — source-check 우선 대상(확정 아님)"
35,오셀타미비르인산염,101,기타,no,safe_name_only,"근거 약함/일반 계열(기타) — name_only/정보없음 안전응답, 검색은 정상 응답(실패 아님)"
36,올로파타딘염산염,100,기타,no,safe_name_only,"근거 약함/일반 계열(기타) — name_only/정보없음 안전응답, 검색은 정상 응답(실패 아님)"
37,아세트아미노펜/트라마돌염산염,99,해열진통/소염,no,safe_name_only,"근거 약함/일반 계열(해열진통/소염) — name_only/정보없음 안전응답, 검색은 정상 응답(실패 아님)"
38,덱시부프로펜,99,기타,no,safe_name_only,"근거 약함/일반 계열(기타) — name_only/정보없음 안전응답, 검색은 정상 응답(실패 아님)"
39,멜록시캄,99,해열진통/소염,no,safe_name_only,"근거 약함/일반 계열(해열진통/소염) — name_only/정보없음 안전응답, 검색은 정상 응답(실패 아님)"
40,레보세티리진염산염,99,호흡기/알레르기,no,safe_name_only,"근거 약함/일반 계열(호흡기/알레르기) — name_only/정보없음 안전응답, 검색은 정상 응답(실패 아님)"
41,콜린알포세레이트,99,신경/뇌,no,safe_name_only,"근거 약함/일반 계열(신경/뇌) — name_only/정보없음 안전응답, 검색은 정상 응답(실패 아님)"
42,베포타스틴베실산염,97,기타,no,safe_name_only,"근거 약함/일반 계열(기타) — name_only/정보없음 안전응답, 검색은 정상 응답(실패 아님)"
43,이부프로펜,94,해열진통/소염,no,safe_name_only,"근거 약함/일반 계열(해열진통/소염) — name_only/정보없음 안전응답, 검색은 정상 응답(실패 아님)"
44,두타스테리드,94,비뇨/전립선,no,safe_name_only,"근거 약함/일반 계열(비뇨/전립선) — name_only/정보없음 안전응답, 검색은 정상 응답(실패 아님)"
45,레보플록사신,91,항생/항균,yes,covered,"relation_card 보유(base=레보플록사신, relation_card 품목 91건) — source_confirmed 근거 존재"
46,트라마돌염산염/아세트아미노펜,88,해열진통/소염,no,safe_name_only,"근거 약함/일반 계열(해열진통/소염) — name_only/정보없음 안전응답, 검색은 정상 응답(실패 아님)"
47,피오글리타존염산염,88,당뇨,no,relation_eligible_uncovered,"근거 개연 계열(당뇨, 흡수/고갈 메커니즘 후보)인데 미커버 — source-check 우선 대상(확정 아님)"
48,발사르탄,87,고혈압/심혈관,no,relation_eligible_uncovered,"근거 개연 계열(고혈압/심혈관, 흡수/고갈 메커니즘 후보)인데 미커버 — source-check 우선 대상(확정 아님)"
49,모메타손푸로에이트,86,기타,no,safe_name_only,"근거 약함/일반 계열(기타) — name_only/정보없음 안전응답, 검색은 정상 응답(실패 아님)"
50,레보설피리드,85,기타,no,safe_name_only,"근거 약함/일반 계열(기타) — name_only/정보없음 안전응답, 검색은 정상 응답(실패 아님)"
51,리바록사반(미분화),85,항혈전(민감),no,blocked_sensitive,민감/고위험군(항혈전(민감)) — 임상판단·출혈/상호작용 위험으로 clinical reviewer 트랙 전까지 hold
52,아토르바스타틴칼슘삼수화물,84,고지혈증,no,safe_name_only,"근거 약함/일반 계열(고지혈증) — name_only/정보없음 안전응답, 검색은 정상 응답(실패 아님)"
53,아세틸시스테인,82,호흡기/알레르기,no,safe_name_only,"근거 약함/일반 계열(호흡기/알레르기) — name_only/정보없음 안전응답, 검색은 정상 응답(실패 아님)"
54,세프트리악손나트륨수화물,81,기타,no,safe_name_only,"근거 약함/일반 계열(기타) — name_only/정보없음 안전응답, 검색은 정상 응답(실패 아님)"
55,실데나필시트르산염,77,기타,no,safe_name_only,"근거 약함/일반 계열(기타) — name_only/정보없음 안전응답, 검색은 정상 응답(실패 아님)"
56,다파글리플로진프로판디올수화물,75,당뇨,no,relation_eligible_uncovered,"근거 개연 계열(당뇨, 흡수/고갈 메커니즘 후보)인데 미커버 — source-check 우선 대상(확정 아님)"
57,카르베딜롤,73,고혈압/심혈관,no,relation_eligible_uncovered,"근거 개연 계열(고혈압/심혈관, 흡수/고갈 메커니즘 후보)인데 미커버 — source-check 우선 대상(확정 아님)"
58,시타글립틴염산염수화물,73,당뇨,no,relation_eligible_uncovered,"근거 개연 계열(당뇨, 흡수/고갈 메커니즘 후보)인데 미커버 — source-check 우선 대상(확정 아님)"
59,클로피도그렐황산염,72,항혈전(민감),no,blocked_sensitive,민감/고위험군(항혈전(민감)) — 임상판단·출혈/상호작용 위험으로 clinical reviewer 트랙 전까지 hold
60,에피나스틴염산염,70,기타,no,safe_name_only,"근거 약함/일반 계열(기타) — name_only/정보없음 안전응답, 검색은 정상 응답(실패 아님)"
61,시프로플록사신,69,항생/항균,yes,covered,"relation_card 보유(base=시프로플록사신, relation_card 품목 69건) — source_confirmed 근거 존재"
62,이반드론산나트륨일수화물,69,골다공증,yes,covered,"relation_card 보유(base=이반드론산, relation_card 품목 69건) — source_confirmed 근거 존재"
63,트리메부틴말레산염,65,소화/위장,no,relation_eligible_uncovered,"근거 개연 계열(소화/위장, 흡수/고갈 메커니즘 후보)인데 미커버 — source-check 우선 대상(확정 아님)"
64,발사르탄/암로디핀베실산염,63,고혈압/심혈관,no,relation_eligible_uncovered,"근거 개연 계열(고혈압/심혈관, 흡수/고갈 메커니즘 후보)인데 미커버 — source-check 우선 대상(확정 아님)"
65,세티리진염산염,63,호흡기/알레르기,no,safe_name_only,"근거 약함/일반 계열(호흡기/알레르기) — name_only/정보없음 안전응답, 검색은 정상 응답(실패 아님)"
66,텔미사르탄/암로디핀베실산염,62,고혈압/심혈관,no,relation_eligible_uncovered,"근거 개연 계열(고혈압/심혈관, 흡수/고갈 메커니즘 후보)인데 미커버 — source-check 우선 대상(확정 아님)"
67,록시트로마이신,60,기타,no,safe_name_only,"근거 약함/일반 계열(기타) — name_only/정보없음 안전응답, 검색은 정상 응답(실패 아님)"
68,메틸프레드니솔론,60,기타,no,safe_name_only,"근거 약함/일반 계열(기타) — name_only/정보없음 안전응답, 검색은 정상 응답(실패 아님)"
69,니세르골린,60,고혈압/심혈관,no,relation_eligible_uncovered,"근거 개연 계열(고혈압/심혈관, 흡수/고갈 메커니즘 후보)인데 미커버 — source-check 우선 대상(확정 아님)"
70,텔미사르탄,59,고혈압/심혈관,no,relation_eligible_uncovered,"근거 개연 계열(고혈압/심혈관, 흡수/고갈 메커니즘 후보)인데 미커버 — source-check 우선 대상(확정 아님)"
71,로수바스타틴칼슘/에제티미브,59,고지혈증,no,safe_name_only,"근거 약함/일반 계열(고지혈증) — name_only/정보없음 안전응답, 검색은 정상 응답(실패 아님)"
72,아픽사반,59,항혈전(민감),no,blocked_sensitive,민감/고위험군(항혈전(민감)) — 임상판단·출혈/상호작용 위험으로 clinical reviewer 트랙 전까지 hold
73,피마사르탄칼륨삼수화물/에스암로디핀베실산염2.5수화물,57,고혈압/심혈관,no,relation_eligible_uncovered,"근거 개연 계열(고혈압/심혈관, 흡수/고갈 메커니즘 후보)인데 미커버 — source-check 우선 대상(확정 아님)"
74,에제티미브/심바스타틴,56,고지혈증,no,safe_name_only,"근거 약함/일반 계열(고지혈증) — name_only/정보없음 안전응답, 검색은 정상 응답(실패 아님)"
75,클로피도그렐황산수소염,55,항혈전(민감),no,blocked_sensitive,민감/고위험군(항혈전(민감)) — 임상판단·출혈/상호작용 위험으로 clinical reviewer 트랙 전까지 hold
76,심바스타틴,55,고지혈증,no,safe_name_only,"근거 약함/일반 계열(고지혈증) — name_only/정보없음 안전응답, 검색은 정상 응답(실패 아님)"
77,알마게이트,54,소화/위장,yes,covered,"relation_card 보유(base=알마게이트, relation_card 품목 54건) — source_confirmed 근거 존재"
78,알렌드론산,52,골다공증,yes,covered,"relation_card 보유(base=알렌드론산, relation_card 품목 52건) — source_confirmed 근거 존재"
79,리스페리돈,52,기타,no,safe_name_only,"근거 약함/일반 계열(기타) — name_only/정보없음 안전응답, 검색은 정상 응답(실패 아님)"
80,미녹시딜,52,기타,no,safe_name_only,"근거 약함/일반 계열(기타) — name_only/정보없음 안전응답, 검색은 정상 응답(실패 아님)"
81,디클로페낙나트륨,51,해열진통/소염,no,safe_name_only,"근거 약함/일반 계열(해열진통/소염) — name_only/정보없음 안전응답, 검색은 정상 응답(실패 아님)"
82,에제티미브/아토르바스타틴칼슘삼수화물,51,고지혈증,no,safe_name_only,"근거 약함/일반 계열(고지혈증) — name_only/정보없음 안전응답, 검색은 정상 응답(실패 아님)"
83,다파글리플로진프로판디올수화물/시타글립틴인산염수화물,51,당뇨,no,relation_eligible_uncovered,"근거 개연 계열(당뇨, 흡수/고갈 메커니즘 후보)인데 미커버 — source-check 우선 대상(확정 아님)"
84,플루르비프로펜,51,기타,no,safe_name_only,"근거 약함/일반 계열(기타) — name_only/정보없음 안전응답, 검색은 정상 응답(실패 아님)"
85,칸데사르탄실렉세틸,50,고혈압/심혈관,no,relation_eligible_uncovered,"근거 개연 계열(고혈압/심혈관, 흡수/고갈 메커니즘 후보)인데 미커버 — source-check 우선 대상(확정 아님)"
86,엠파글리플로진,50,당뇨,no,relation_eligible_uncovered,"근거 개연 계열(당뇨, 흡수/고갈 메커니즘 후보)인데 미커버 — source-check 우선 대상(확정 아님)"
87,리바스티그민타르타르산염,50,기타,no,safe_name_only,"근거 약함/일반 계열(기타) — name_only/정보없음 안전응답, 검색은 정상 응답(실패 아님)"
88,니자티딘,48,소화/위장,no,relation_eligible_uncovered,"근거 개연 계열(소화/위장, 흡수/고갈 메커니즘 후보)인데 미커버 — source-check 우선 대상(확정 아님)"
89,라푸티딘,48,소화/위장,no,relation_eligible_uncovered,"근거 개연 계열(소화/위장, 흡수/고갈 메커니즘 후보)인데 미커버 — source-check 우선 대상(확정 아님)"
90,아젤라스틴염산염,48,기타,no,safe_name_only,"근거 약함/일반 계열(기타) — name_only/정보없음 안전응답, 검색은 정상 응답(실패 아님)"
91,리도카인,48,기타,no,safe_name_only,"근거 약함/일반 계열(기타) — name_only/정보없음 안전응답, 검색은 정상 응답(실패 아님)"
92,이트라코나졸고체분산체,47,항진균,no,safe_name_only,"근거 약함/일반 계열(항진균) — name_only/정보없음 안전응답, 검색은 정상 응답(실패 아님)"
93,암로디핀베실산염/올메사르탄메독소밀,47,고혈압/심혈관,no,relation_eligible_uncovered,"근거 개연 계열(고혈압/심혈관, 흡수/고갈 메커니즘 후보)인데 미커버 — source-check 우선 대상(확정 아님)"
94,아스피린,47,기타,no,safe_name_only,"근거 약함/일반 계열(기타) — name_only/정보없음 안전응답, 검색은 정상 응답(실패 아님)"
95,보노프라잔푸마르산염,46,기타,no,safe_name_only,"근거 약함/일반 계열(기타) — name_only/정보없음 안전응답, 검색은 정상 응답(실패 아님)"
96,툴로부테롤,46,기타,no,safe_name_only,"근거 약함/일반 계열(기타) — name_only/정보없음 안전응답, 검색은 정상 응답(실패 아님)"
97,엔테카비르,45,기타,no,safe_name_only,"근거 약함/일반 계열(기타) — name_only/정보없음 안전응답, 검색은 정상 응답(실패 아님)"
98,데스모프레신아세트산염,45,기타,no,safe_name_only,"근거 약함/일반 계열(기타) — name_only/정보없음 안전응답, 검색은 정상 응답(실패 아님)"
99,베타메타손발레레이트/겐타마이신황산염,45,기타,no,safe_name_only,"근거 약함/일반 계열(기타) — name_only/정보없음 안전응답, 검색은 정상 응답(실패 아님)"
100,세틸피리디늄염화물,45,기타,no,safe_name_only,"근거 약함/일반 계열(기타) — name_only/정보없음 안전응답, 검색은 정상 응답(실패 아님)"
101,로수바스타틴칼슘/칸데사르탄실렉세틸,44,고혈압/심혈관,no,relation_eligible_uncovered,"근거 개연 계열(고혈압/심혈관, 흡수/고갈 메커니즘 후보)인데 미커버 — source-check 우선 대상(확정 아님)"
102,판토프라졸나트륨세스키히드레이트,43,소화/위장,yes,covered,"relation_card 보유(base=판토프라졸, relation_card 품목 43건) — source_confirmed 근거 존재"
103,펙소페나딘염산염,43,호흡기/알레르기,no,safe_name_only,"근거 약함/일반 계열(호흡기/알레르기) — name_only/정보없음 안전응답, 검색은 정상 응답(실패 아님)"
104,테라조신염산염수화물,43,기타,no,safe_name_only,"근거 약함/일반 계열(기타) — name_only/정보없음 안전응답, 검색은 정상 응답(실패 아님)"
105,리바록사반,43,항혈전(민감),no,blocked_sensitive,민감/고위험군(항혈전(민감)) — 임상판단·출혈/상호작용 위험으로 clinical reviewer 트랙 전까지 hold
106,오메프라졸,42,소화/위장,yes,covered,"relation_card 보유(base=에스오메프라졸, relation_card 품목 42건) — source_confirmed 근거 존재"
107,나프록센,42,해열진통/소염,no,safe_name_only,"근거 약함/일반 계열(해열진통/소염) — name_only/정보없음 안전응답, 검색은 정상 응답(실패 아님)"
108,아토르바스타틴칼슘수화물,42,고지혈증,no,safe_name_only,"근거 약함/일반 계열(고지혈증) — name_only/정보없음 안전응답, 검색은 정상 응답(실패 아님)"
109,피타바스타틴칼슘수화물,42,고지혈증,no,safe_name_only,"근거 약함/일반 계열(고지혈증) — name_only/정보없음 안전응답, 검색은 정상 응답(실패 아님)"
110,이토프리드염산염,42,소화/위장,no,relation_eligible_uncovered,"근거 개연 계열(소화/위장, 흡수/고갈 메커니즘 후보)인데 미커버 — source-check 우선 대상(확정 아님)"
111,염화세틸피리디늄,42,기타,no,safe_name_only,"근거 약함/일반 계열(기타) — name_only/정보없음 안전응답, 검색은 정상 응답(실패 아님)"
112,리바스티그민,41,기타,no,safe_name_only,"근거 약함/일반 계열(기타) — name_only/정보없음 안전응답, 검색은 정상 응답(실패 아님)"
113,세프포독심프록세틸,39,항생/항균,no,relation_eligible_uncovered,"근거 개연 계열(항생/항균, 흡수/고갈 메커니즘 후보)인데 미커버 — source-check 우선 대상(확정 아님)"
114,리세드론산나트륨2.5수화물/콜레칼시페롤농축물(분말형),39,골다공증,yes,covered,"relation_card 보유(base=리세드론산, relation_card 품목 39건) — source_confirmed 근거 존재"
115,암로디핀베실산염/로사르탄칼륨,38,고혈압/심혈관,no,relation_eligible_uncovered,"근거 개연 계열(고혈압/심혈관, 흡수/고갈 메커니즘 후보)인데 미커버 — source-check 우선 대상(확정 아님)"
116,올메사르탄메독소밀/암로디핀베실산염,37,고혈압/심혈관,no,relation_eligible_uncovered,"근거 개연 계열(고혈압/심혈관, 흡수/고갈 메커니즘 후보)인데 미커버 — source-check 우선 대상(확정 아님)"
117,리나글립틴,37,당뇨,no,relation_eligible_uncovered,"근거 개연 계열(당뇨, 흡수/고갈 메커니즘 후보)인데 미커버 — source-check 우선 대상(확정 아님)"
118,테고프라잔,37,기타,yes,covered,"relation_card 보유(base=테고프라잔, relation_card 품목 37건) — source_confirmed 근거 존재"
119,올란자핀,37,정신건강(민감),no,blocked_sensitive,민감/고위험군(정신건강(민감)) — 임상판단·출혈/상호작용 위험으로 clinical reviewer 트랙 전까지 hold
120,라사길린메실산염,37,기타,no,safe_name_only,"근거 약함/일반 계열(기타) — name_only/정보없음 안전응답, 검색은 정상 응답(실패 아님)"
121,피타바스타틴칼슘,36,고지혈증,no,safe_name_only,"근거 약함/일반 계열(고지혈증) — name_only/정보없음 안전응답, 검색은 정상 응답(실패 아님)"
122,플루오로메톨론,36,기타,no,safe_name_only,"근거 약함/일반 계열(기타) — name_only/정보없음 안전응답, 검색은 정상 응답(실패 아님)"
123,포비돈요오드,36,기타,no,safe_name_only,"근거 약함/일반 계열(기타) — name_only/정보없음 안전응답, 검색은 정상 응답(실패 아님)"
124,암브록솔염산염,35,호흡기/알레르기,no,safe_name_only,"근거 약함/일반 계열(호흡기/알레르기) — name_only/정보없음 안전응답, 검색은 정상 응답(실패 아님)"
125,아세트아미노펜,34,해열진통/소염,no,safe_name_only,"근거 약함/일반 계열(해열진통/소염) — name_only/정보없음 안전응답, 검색은 정상 응답(실패 아님)"
126,클래리트로마이신제피과립,34,항생/항균,no,relation_eligible_uncovered,"근거 개연 계열(항생/항균, 흡수/고갈 메커니즘 후보)인데 미커버 — source-check 우선 대상(확정 아님)"
127,암로디핀베실산염,34,고혈압/심혈관,no,relation_eligible_uncovered,"근거 개연 계열(고혈압/심혈관, 흡수/고갈 메커니즘 후보)인데 미커버 — source-check 우선 대상(확정 아님)"
128,텔미사르탄파우더(23.9%)/암로디핀베실산염,34,고혈압/심혈관,no,relation_eligible_uncovered,"근거 개연 계열(고혈압/심혈관, 흡수/고갈 메커니즘 후보)인데 미커버 — source-check 우선 대상(확정 아님)"
129,알벤다졸,34,기타,no,safe_name_only,"근거 약함/일반 계열(기타) — name_only/정보없음 안전응답, 검색은 정상 응답(실패 아님)"
130,오플록사신,33,기타,yes,covered,"relation_card 보유(base=오플록사신, relation_card 품목 33건) — source_confirmed 근거 존재"
131,세푸록심악세틸,33,기타,no,safe_name_only,"근거 약함/일반 계열(기타) — name_only/정보없음 안전응답, 검색은 정상 응답(실패 아님)"
132,피록시캄,33,기타,no,safe_name_only,"근거 약함/일반 계열(기타) — name_only/정보없음 안전응답, 검색은 정상 응답(실패 아님)"
133,페북소스타트,33,기타,no,safe_name_only,"근거 약함/일반 계열(기타) — name_only/정보없음 안전응답, 검색은 정상 응답(실패 아님)"
134,아세브로필린,33,기타,no,safe_name_only,"근거 약함/일반 계열(기타) — name_only/정보없음 안전응답, 검색은 정상 응답(실패 아님)"
135,라모세트론염산염,33,기타,no,safe_name_only,"근거 약함/일반 계열(기타) — name_only/정보없음 안전응답, 검색은 정상 응답(실패 아님)"
136,토파시티닙시트르산염,33,기타,no,safe_name_only,"근거 약함/일반 계열(기타) — name_only/정보없음 안전응답, 검색은 정상 응답(실패 아님)"
137,둘록세틴염산염장용과립,31,정신건강(민감),no,blocked_sensitive,민감/고위험군(정신건강(민감)) — 임상판단·출혈/상호작용 위험으로 clinical reviewer 트랙 전까지 hold
138,리세드론산나트륨2.5수화물,31,골다공증,yes,covered,"relation_card 보유(base=리세드론산, relation_card 품목 31건) — source_confirmed 근거 존재"
139,타크로리무스수화물,31,기타,no,safe_name_only,"근거 약함/일반 계열(기타) — name_only/정보없음 안전응답, 검색은 정상 응답(실패 아님)"
140,로피니롤염산염,31,기타,no,safe_name_only,"근거 약함/일반 계열(기타) — name_only/정보없음 안전응답, 검색은 정상 응답(실패 아님)"
141,올메사르탄메독소밀,30,고혈압/심혈관,no,relation_eligible_uncovered,"근거 개연 계열(고혈압/심혈관, 흡수/고갈 메커니즘 후보)인데 미커버 — source-check 우선 대상(확정 아님)"
142,탈니플루메이트,30,해열진통/소염,no,safe_name_only,"근거 약함/일반 계열(해열진통/소염) — name_only/정보없음 안전응답, 검색은 정상 응답(실패 아님)"
143,미르타자핀,30,정신건강(민감),no,blocked_sensitive,민감/고위험군(정신건강(민감)) — 임상판단·출혈/상호작용 위험으로 clinical reviewer 트랙 전까지 hold
144,프로피베린염산염,30,기타,no,safe_name_only,"근거 약함/일반 계열(기타) — name_only/정보없음 안전응답, 검색은 정상 응답(실패 아님)"
145,토브라마이신,30,기타,no,safe_name_only,"근거 약함/일반 계열(기타) — name_only/정보없음 안전응답, 검색은 정상 응답(실패 아님)"
146,브로멜라인,30,기타,no,safe_name_only,"근거 약함/일반 계열(기타) — name_only/정보없음 안전응답, 검색은 정상 응답(실패 아님)"
147,클로르족사존/에텐자미드/카페인수화물,29,기타,no,safe_name_only,"근거 약함/일반 계열(기타) — name_only/정보없음 안전응답, 검색은 정상 응답(실패 아님)"
148,사이클로스포린,29,기타,no,safe_name_only,"근거 약함/일반 계열(기타) — name_only/정보없음 안전응답, 검색은 정상 응답(실패 아님)"
149,클로르헥시딘글루콘산염 액,29,기타,no,safe_name_only,"근거 약함/일반 계열(기타) — name_only/정보없음 안전응답, 검색은 정상 응답(실패 아님)"
150,펜타닐시트르산염,29,기타,no,safe_name_only,"근거 약함/일반 계열(기타) — name_only/정보없음 안전응답, 검색은 정상 응답(실패 아님)"
151,에독사반토실산염수화물,29,항혈전(민감),no,blocked_sensitive,민감/고위험군(항혈전(민감)) — 임상판단·출혈/상호작용 위험으로 clinical reviewer 트랙 전까지 hold
152,아리피프라졸,28,정신건강(민감),no,blocked_sensitive,민감/고위험군(정신건강(민감)) — 임상판단·출혈/상호작용 위험으로 clinical reviewer 트랙 전까지 hold
153,침강탄산칼슘/인산수소칼슘수화물/아미노카프로산/알란토인클로로히드록시알루미늄,28,기타,no,safe_name_only,"근거 약함/일반 계열(기타) — name_only/정보없음 안전응답, 검색은 정상 응답(실패 아님)"
154,도네페질염산염일수화물,27,신경/뇌,no,safe_name_only,"근거 약함/일반 계열(신경/뇌) — name_only/정보없음 안전응답, 검색은 정상 응답(실패 아님)"
155,아세트아미노펜/슈도에페드린염산염/클로르페니라민말레산염,26,해열진통/소염,no,safe_name_only,"근거 약함/일반 계열(해열진통/소염) — name_only/정보없음 안전응답, 검색은 정상 응답(실패 아님)"
156,알프라졸람,26,정신건강(민감),no,blocked_sensitive,민감/고위험군(정신건강(민감)) — 임상판단·출혈/상호작용 위험으로 clinical reviewer 트랙 전까지 hold
157,세픽심수화물,26,항생/항균,no,relation_eligible_uncovered,"근거 개연 계열(항생/항균, 흡수/고갈 메커니즘 후보)인데 미커버 — source-check 우선 대상(확정 아님)"
158,테네리글립틴염산염수화물,26,당뇨,no,relation_eligible_uncovered,"근거 개연 계열(당뇨, 흡수/고갈 메커니즘 후보)인데 미커버 — source-check 우선 대상(확정 아님)"
159,케토티펜푸마르산염,26,기타,no,safe_name_only,"근거 약함/일반 계열(기타) — name_only/정보없음 안전응답, 검색은 정상 응답(실패 아님)"
160,부스피론염산염,26,기타,no,safe_name_only,"근거 약함/일반 계열(기타) — name_only/정보없음 안전응답, 검색은 정상 응답(실패 아님)"
161,디쿠아포솔나트륨,26,기타,no,safe_name_only,"근거 약함/일반 계열(기타) — name_only/정보없음 안전응답, 검색은 정상 응답(실패 아님)"
162,나프록센나트륨,25,해열진통/소염,no,safe_name_only,"근거 약함/일반 계열(해열진통/소염) — name_only/정보없음 안전응답, 검색은 정상 응답(실패 아님)"
163,아토르바스타틴칼슘삼수화물/에제티미브,25,고지혈증,no,safe_name_only,"근거 약함/일반 계열(고지혈증) — name_only/정보없음 안전응답, 검색은 정상 응답(실패 아님)"
164,미라베그론,25,비뇨/전립선,no,safe_name_only,"근거 약함/일반 계열(비뇨/전립선) — name_only/정보없음 안전응답, 검색은 정상 응답(실패 아님)"
165,프라미펙솔염산염일수화물,25,기타,no,safe_name_only,"근거 약함/일반 계열(기타) — name_only/정보없음 안전응답, 검색은 정상 응답(실패 아님)"
166,이부프로펜/파마브롬,24,해열진통/소염,no,safe_name_only,"근거 약함/일반 계열(해열진통/소염) — name_only/정보없음 안전응답, 검색은 정상 응답(실패 아님)"
167,란소프라졸과립,24,소화/위장,yes,covered,"relation_card 보유(base=란소프라졸, relation_card 품목 24건) — source_confirmed 근거 존재"
168,반코마이신염산염,24,기타,no,safe_name_only,"근거 약함/일반 계열(기타) — name_only/정보없음 안전응답, 검색은 정상 응답(실패 아님)"
169,도네페질염산염수화물/메만틴염산염,23,신경/뇌,no,safe_name_only,"근거 약함/일반 계열(신경/뇌) — name_only/정보없음 안전응답, 검색은 정상 응답(실패 아님)"
170,텔미사르탄/클로르탈리돈/암로디핀베실산염,23,고혈압/심혈관,yes,covered,"relation_card 보유(base=클로르탈리돈, relation_card 품목 0건) — source_confirmed 근거 존재"
171,시메티딘,23,기타,no,safe_name_only,"근거 약함/일반 계열(기타) — name_only/정보없음 안전응답, 검색은 정상 응답(실패 아님)"
172,멜라토닌,23,기타,no,safe_name_only,"근거 약함/일반 계열(기타) — name_only/정보없음 안전응답, 검색은 정상 응답(실패 아님)"
173,텔미사르탄/로수바스타틴칼슘,22,고혈압/심혈관,no,relation_eligible_uncovered,"근거 개연 계열(고혈압/심혈관, 흡수/고갈 메커니즘 후보)인데 미커버 — source-check 우선 대상(확정 아님)"
174,파록세틴염산염수화물,22,정신건강(민감),no,blocked_sensitive,민감/고위험군(정신건강(민감)) — 임상판단·출혈/상호작용 위험으로 clinical reviewer 트랙 전까지 hold
175,아리피프라졸(미분화),22,정신건강(민감),no,blocked_sensitive,민감/고위험군(정신건강(민감)) — 임상판단·출혈/상호작용 위험으로 clinical reviewer 트랙 전까지 hold
176,실로스타졸/은행엽건조엑스,21,고혈압/심혈관,no,relation_eligible_uncovered,"근거 개연 계열(고혈압/심혈관, 흡수/고갈 메커니즘 후보)인데 미커버 — source-check 우선 대상(확정 아님)"
177,설트랄린염산염,21,정신건강(민감),no,blocked_sensitive,민감/고위험군(정신건강(민감)) — 임상판단·출혈/상호작용 위험으로 clinical reviewer 트랙 전까지 hold
178,비사코딜/도큐세이트나트륨,21,기타,no,safe_name_only,"근거 약함/일반 계열(기타) — name_only/정보없음 안전응답, 검색은 정상 응답(실패 아님)"
179,클로베타솔프로피오네이트,21,기타,no,safe_name_only,"근거 약함/일반 계열(기타) — name_only/정보없음 안전응답, 검색은 정상 응답(실패 아님)"
180,아모롤핀염산염,21,기타,no,safe_name_only,"근거 약함/일반 계열(기타) — name_only/정보없음 안전응답, 검색은 정상 응답(실패 아님)"
181,리도카인/프릴로카인,21,기타,no,safe_name_only,"근거 약함/일반 계열(기타) — name_only/정보없음 안전응답, 검색은 정상 응답(실패 아님)"
182,아목시실린수화물/설박탐피복실,20,항생/항균,no,relation_eligible_uncovered,"근거 개연 계열(항생/항균, 흡수/고갈 메커니즘 후보)인데 미커버 — source-check 우선 대상(확정 아님)"
183,로라타딘,20,호흡기/알레르기,no,safe_name_only,"근거 약함/일반 계열(호흡기/알레르기) — name_only/정보없음 안전응답, 검색은 정상 응답(실패 아님)"
184,라모트리진,20,신경/뇌,no,safe_name_only,"근거 약함/일반 계열(신경/뇌) — name_only/정보없음 안전응답, 검색은 정상 응답(실패 아님)"
185,레르카니디핀염산염,20,기타,no,safe_name_only,"근거 약함/일반 계열(기타) — name_only/정보없음 안전응답, 검색은 정상 응답(실패 아님)"
186,리세드론산나트륨,20,골다공증,yes,covered,"relation_card 보유(base=리세드론산, relation_card 품목 20건) — source_confirmed 근거 존재"
187,바레니클린살리실산염,20,기타,no,safe_name_only,"근거 약함/일반 계열(기타) — name_only/정보없음 안전응답, 검색은 정상 응답(실패 아님)"
188,시클로피록스,20,기타,no,safe_name_only,"근거 약함/일반 계열(기타) — name_only/정보없음 안전응답, 검색은 정상 응답(실패 아님)"
189,플루오로메톨론/테트라히드로졸린염산염,20,기타,no,safe_name_only,"근거 약함/일반 계열(기타) — name_only/정보없음 안전응답, 검색은 정상 응답(실패 아님)"
190,결정트립신/브로멜라인,20,기타,no,safe_name_only,"근거 약함/일반 계열(기타) — name_only/정보없음 안전응답, 검색은 정상 응답(실패 아님)"
191,이매티닙메실산염,20,기타,no,safe_name_only,"근거 약함/일반 계열(기타) — name_only/정보없음 안전응답, 검색은 정상 응답(실패 아님)"
192,몬테루카스트나트륨/레보세티리진염산염,19,호흡기/알레르기,no,safe_name_only,"근거 약함/일반 계열(호흡기/알레르기) — name_only/정보없음 안전응답, 검색은 정상 응답(실패 아님)"
193,펠로디핀,19,기타,no,safe_name_only,"근거 약함/일반 계열(기타) — name_only/정보없음 안전응답, 검색은 정상 응답(실패 아님)"
194,레플루노미드,19,기타,no,safe_name_only,"근거 약함/일반 계열(기타) — name_only/정보없음 안전응답, 검색은 정상 응답(실패 아님)"
195,레미펜타닐염산염,19,기타,no,safe_name_only,"근거 약함/일반 계열(기타) — name_only/정보없음 안전응답, 검색은 정상 응답(실패 아님)"
196,클린다마이신포스페이트,18,기타,no,safe_name_only,"근거 약함/일반 계열(기타) — name_only/정보없음 안전응답, 검색은 정상 응답(실패 아님)"
197,이르베사르탄,18,고혈압/심혈관,no,relation_eligible_uncovered,"근거 개연 계열(고혈압/심혈관, 흡수/고갈 메커니즘 후보)인데 미커버 — source-check 우선 대상(확정 아님)"
198,클로트리마졸,18,기타,no,safe_name_only,"근거 약함/일반 계열(기타) — name_only/정보없음 안전응답, 검색은 정상 응답(실패 아님)"
199,히드로코르티손,18,기타,no,safe_name_only,"근거 약함/일반 계열(기타) — name_only/정보없음 안전응답, 검색은 정상 응답(실패 아님)"
200,프란루카스트수화물,18,호흡기/알레르기,no,safe_name_only,"근거 약함/일반 계열(호흡기/알레르기) — name_only/정보없음 안전응답, 검색은 정상 응답(실패 아님)"
201,라코사미드,18,기타,no,safe_name_only,"근거 약함/일반 계열(기타) — name_only/정보없음 안전응답, 검색은 정상 응답(실패 아님)"
202,리세드론산나트륨일수화물,18,골다공증,yes,covered,"relation_card 보유(base=리세드론산, relation_card 품목 18건) — source_confirmed 근거 존재"
203,알리트레티노인,18,기타,no,safe_name_only,"근거 약함/일반 계열(기타) — name_only/정보없음 안전응답, 검색은 정상 응답(실패 아님)"
204,아토목세틴염산염,18,기타,no,safe_name_only,"근거 약함/일반 계열(기타) — name_only/정보없음 안전응답, 검색은 정상 응답(실패 아님)"
205,레보티록신,17,갑상선/내분비,yes,covered,"relation_card 보유(base=레보티록신, relation_card 품목 17건) — source_confirmed 근거 존재"
206,페노피브레이트,17,고지혈증,no,safe_name_only,"근거 약함/일반 계열(고지혈증) — name_only/정보없음 안전응답, 검색은 정상 응답(실패 아님)"
207,에탄올(95),17,기타,no,safe_name_only,"근거 약함/일반 계열(기타) — name_only/정보없음 안전응답, 검색은 정상 응답(실패 아님)"
208,브롬페낙나트륨수화물,17,기타,no,safe_name_only,"근거 약함/일반 계열(기타) — name_only/정보없음 안전응답, 검색은 정상 응답(실패 아님)"
209,세프프로질 수화물,17,항생/항균,no,relation_eligible_uncovered,"근거 개연 계열(항생/항균, 흡수/고갈 메커니즘 후보)인데 미커버 — source-check 우선 대상(확정 아님)"
210,소마트로핀,17,기타,no,safe_name_only,"근거 약함/일반 계열(기타) — name_only/정보없음 안전응답, 검색은 정상 응답(실패 아님)"
211,올메사르탄메독소밀/로수바스타틴칼슘,17,고혈압/심혈관,no,relation_eligible_uncovered,"근거 개연 계열(고혈압/심혈관, 흡수/고갈 메커니즘 후보)인데 미커버 — source-check 우선 대상(확정 아님)"
212,시타글립틴인산염수화물/피오글리타존염산염,16,당뇨,no,relation_eligible_uncovered,"근거 개연 계열(당뇨, 흡수/고갈 메커니즘 후보)인데 미커버 — source-check 우선 대상(확정 아님)"
213,잘토프로펜,16,해열진통/소염,no,safe_name_only,"근거 약함/일반 계열(해열진통/소염) — name_only/정보없음 안전응답, 검색은 정상 응답(실패 아님)"
214,바클로펜,16,기타,no,safe_name_only,"근거 약함/일반 계열(기타) — name_only/정보없음 안전응답, 검색은 정상 응답(실패 아님)"
215,알푸조신염산염,16,비뇨/전립선,no,safe_name_only,"근거 약함/일반 계열(비뇨/전립선) — name_only/정보없음 안전응답, 검색은 정상 응답(실패 아님)"
216,나프토피딜,16,기타,no,safe_name_only,"근거 약함/일반 계열(기타) — name_only/정보없음 안전응답, 검색은 정상 응답(실패 아님)"
217,바제독시펜아세테이트/콜레칼시페롤농축분말,16,골다공증,no,relation_eligible_uncovered,"근거 개연 계열(골다공증, 흡수/고갈 메커니즘 후보)인데 미커버 — source-check 우선 대상(확정 아님)"
218,세틸피리디늄염화물수화물,16,기타,no,safe_name_only,"근거 약함/일반 계열(기타) — name_only/정보없음 안전응답, 검색은 정상 응답(실패 아님)"
219,판크레아틴/셀룰라제/우담즙 건조엑스/디메티콘,16,기타,no,safe_name_only,"근거 약함/일반 계열(기타) — name_only/정보없음 안전응답, 검색은 정상 응답(실패 아님)"
220,티카그렐러,16,기타,no,safe_name_only,"근거 약함/일반 계열(기타) — name_only/정보없음 안전응답, 검색은 정상 응답(실패 아님)"
221,이부프로펜피코놀/이소프로필메틸페놀,16,해열진통/소염,no,safe_name_only,"근거 약함/일반 계열(해열진통/소염) — name_only/정보없음 안전응답, 검색은 정상 응답(실패 아님)"
222,아토르바스타틴칼슘/에제티미브,16,고지혈증,no,safe_name_only,"근거 약함/일반 계열(고지혈증) — name_only/정보없음 안전응답, 검색은 정상 응답(실패 아님)"
223,펠라고니움시도이데스11%에탄올건조엑스(5.5~6.6→1),16,기타,no,safe_name_only,"근거 약함/일반 계열(기타) — name_only/정보없음 안전응답, 검색은 정상 응답(실패 아님)"
224,에베로리무스,16,기타,no,safe_name_only,"근거 약함/일반 계열(기타) — name_only/정보없음 안전응답, 검색은 정상 응답(실패 아님)"
225,도르졸라미드염산염/티몰롤말레산염,16,기타,no,safe_name_only,"근거 약함/일반 계열(기타) — name_only/정보없음 안전응답, 검색은 정상 응답(실패 아님)"
226,로수바스타틴칼슘(미분화),15,고지혈증,no,safe_name_only,"근거 약함/일반 계열(고지혈증) — name_only/정보없음 안전응답, 검색은 정상 응답(실패 아님)"
227,라베프라졸나트륨/탄산수소나트륨,15,소화/위장,yes,covered,"relation_card 보유(base=라베프라졸, relation_card 품목 15건) — source_confirmed 근거 존재"
228,졸피뎀타르타르산염,15,정신건강(민감),no,blocked_sensitive,민감/고위험군(정신건강(민감)) — 임상판단·출혈/상호작용 위험으로 clinical reviewer 트랙 전까지 hold
229,세프라딘수화물,15,항생/항균,no,relation_eligible_uncovered,"근거 개연 계열(항생/항균, 흡수/고갈 메커니즘 후보)인데 미커버 — source-check 우선 대상(확정 아님)"
230,메게스트롤아세테이트,15,기타,no,safe_name_only,"근거 약함/일반 계열(기타) — name_only/정보없음 안전응답, 검색은 정상 응답(실패 아님)"
231,세프프로질수화물,15,항생/항균,no,relation_eligible_uncovered,"근거 개연 계열(항생/항균, 흡수/고갈 메커니즘 후보)인데 미커버 — source-check 우선 대상(확정 아님)"
232,펜타닐,15,기타,no,safe_name_only,"근거 약함/일반 계열(기타) — name_only/정보없음 안전응답, 검색은 정상 응답(실패 아님)"
233,아지트로마이신수화물,14,항생/항균,no,relation_eligible_uncovered,"근거 개연 계열(항생/항균, 흡수/고갈 메커니즘 후보)인데 미커버 — source-check 우선 대상(확정 아님)"
234,이트라코나졸펠렛,14,항진균,no,safe_name_only,"근거 약함/일반 계열(항진균) — name_only/정보없음 안전응답, 검색은 정상 응답(실패 아님)"
235,시타글립틴염산염수화물/다파글리플로진시트르산(미분화),14,당뇨,no,relation_eligible_uncovered,"근거 개연 계열(당뇨, 흡수/고갈 메커니즘 후보)인데 미커버 — source-check 우선 대상(확정 아님)"
236,아세트아미노펜/클로르페니라민말레산염/슈도에페드린염산염,14,해열진통/소염,no,safe_name_only,"근거 약함/일반 계열(해열진통/소염) — name_only/정보없음 안전응답, 검색은 정상 응답(실패 아님)"
237,암로디핀베실산염/발사르탄,14,고혈압/심혈관,no,relation_eligible_uncovered,"근거 개연 계열(고혈압/심혈관, 흡수/고갈 메커니즘 후보)인데 미커버 — source-check 우선 대상(확정 아님)"
238,에제티미브/로수바스타틴칼슘,14,고지혈증,no,safe_name_only,"근거 약함/일반 계열(고지혈증) — name_only/정보없음 안전응답, 검색은 정상 응답(실패 아님)"
239,슈도에페드린염산염/에바스틴,14,호흡기/알레르기,no,safe_name_only,"근거 약함/일반 계열(호흡기/알레르기) — name_only/정보없음 안전응답, 검색은 정상 응답(실패 아님)"
240,아테놀롤,14,고혈압/심혈관,no,relation_eligible_uncovered,"근거 개연 계열(고혈압/심혈관, 흡수/고갈 메커니즘 후보)인데 미커버 — source-check 우선 대상(확정 아님)"
241,플루오르화나트륨,14,기타,no,safe_name_only,"근거 약함/일반 계열(기타) — name_only/정보없음 안전응답, 검색은 정상 응답(실패 아님)"
242,보티옥세틴브롬화수소산염,14,기타,no,safe_name_only,"근거 약함/일반 계열(기타) — name_only/정보없음 안전응답, 검색은 정상 응답(실패 아님)"
243,이소트레티노인,14,기타,no,safe_name_only,"근거 약함/일반 계열(기타) — name_only/정보없음 안전응답, 검색은 정상 응답(실패 아님)"
244,리도카인염산염수화물,14,기타,no,safe_name_only,"근거 약함/일반 계열(기타) — name_only/정보없음 안전응답, 검색은 정상 응답(실패 아님)"
245,라타노프로스트,14,기타,no,safe_name_only,"근거 약함/일반 계열(기타) — name_only/정보없음 안전응답, 검색은 정상 응답(실패 아님)"
246,폴리카르보필칼슘,14,기타,no,safe_name_only,"근거 약함/일반 계열(기타) — name_only/정보없음 안전응답, 검색은 정상 응답(실패 아님)"
247,메틸페니데이트염산염,14,기타,no,safe_name_only,"근거 약함/일반 계열(기타) — name_only/정보없음 안전응답, 검색은 정상 응답(실패 아님)"
248,트라넥삼산,14,기타,no,safe_name_only,"근거 약함/일반 계열(기타) — name_only/정보없음 안전응답, 검색은 정상 응답(실패 아님)"
249,디클로페낙디에틸암모늄,13,해열진통/소염,no,safe_name_only,"근거 약함/일반 계열(해열진통/소염) — name_only/정보없음 안전응답, 검색은 정상 응답(실패 아님)"
250,클로피도그렐황산염/아스피린장용펠렛,13,항혈전(민감),no,blocked_sensitive,민감/고위험군(항혈전(민감)) — 임상판단·출혈/상호작용 위험으로 clinical reviewer 트랙 전까지 hold
251,암피실린나트륨/설박탐나트륨,13,기타,no,safe_name_only,"근거 약함/일반 계열(기타) — name_only/정보없음 안전응답, 검색은 정상 응답(실패 아님)"
252,에날라프릴말레산염,13,고혈압/심혈관,no,relation_eligible_uncovered,"근거 개연 계열(고혈압/심혈관, 흡수/고갈 메커니즘 후보)인데 미커버 — source-check 우선 대상(확정 아님)"
253,빌다글립틴,13,당뇨,no,relation_eligible_uncovered,"근거 개연 계열(당뇨, 흡수/고갈 메커니즘 후보)인데 미커버 — source-check 우선 대상(확정 아님)"
254,시메티콘,13,기타,no,safe_name_only,"근거 약함/일반 계열(기타) — name_only/정보없음 안전응답, 검색은 정상 응답(실패 아님)"
255,히드로퀴논,13,기타,no,safe_name_only,"근거 약함/일반 계열(기타) — name_only/정보없음 안전응답, 검색은 정상 응답(실패 아님)"
256,무피로신,13,기타,no,safe_name_only,"근거 약함/일반 계열(기타) — name_only/정보없음 안전응답, 검색은 정상 응답(실패 아님)"
257,D-판테놀,13,기타,no,safe_name_only,"근거 약함/일반 계열(기타) — name_only/정보없음 안전응답, 검색은 정상 응답(실패 아님)"
258,피마사르탄칼륨삼수화물,13,고혈압/심혈관,no,relation_eligible_uncovered,"근거 개연 계열(고혈압/심혈관, 흡수/고갈 메커니즘 후보)인데 미커버 — source-check 우선 대상(확정 아님)"
259,나파모스타트메실산염,13,기타,no,safe_name_only,"근거 약함/일반 계열(기타) — name_only/정보없음 안전응답, 검색은 정상 응답(실패 아님)"
260,프로포폴,13,기타,no,safe_name_only,"근거 약함/일반 계열(기타) — name_only/정보없음 안전응답, 검색은 정상 응답(실패 아님)"
261,아스코르브산/리소짐염산염/토코페롤아세테이트 2배산/카르바조크롬,13,기타,no,safe_name_only,"근거 약함/일반 계열(기타) — name_only/정보없음 안전응답, 검색은 정상 응답(실패 아님)"
262,덱스메데토미딘염산염,13,기타,no,safe_name_only,"근거 약함/일반 계열(기타) — name_only/정보없음 안전응답, 검색은 정상 응답(실패 아님)"
263,로수바스타틴칼슘/발사르탄,13,고혈압/심혈관,no,relation_eligible_uncovered,"근거 개연 계열(고혈압/심혈관, 흡수/고갈 메커니즘 후보)인데 미커버 — source-check 우선 대상(확정 아님)"
264,데노수맙,13,기타,no,safe_name_only,"근거 약함/일반 계열(기타) — name_only/정보없음 안전응답, 검색은 정상 응답(실패 아님)"
265,디클로페낙β-디메틸아미노에탄올,12,해열진통/소염,no,safe_name_only,"근거 약함/일반 계열(해열진통/소염) — name_only/정보없음 안전응답, 검색은 정상 응답(실패 아님)"
266,이트라코나졸,12,항진균,no,safe_name_only,"근거 약함/일반 계열(항진균) — name_only/정보없음 안전응답, 검색은 정상 응답(실패 아님)"
267,비소프롤롤푸마르산염,12,고혈압/심혈관,no,relation_eligible_uncovered,"근거 개연 계열(고혈압/심혈관, 흡수/고갈 메커니즘 후보)인데 미커버 — source-check 우선 대상(확정 아님)"
268,칸데사르탄실렉세틸/S-암로디핀베실산염2.5수화물,12,고혈압/심혈관,no,relation_eligible_uncovered,"근거 개연 계열(고혈압/심혈관, 흡수/고갈 메커니즘 후보)인데 미커버 — source-check 우선 대상(확정 아님)"
269,텔미사르탄/로수바스타틴칼슘/에제티미브(미분화)/암로디핀베실산염,12,고혈압/심혈관,no,relation_eligible_uncovered,"근거 개연 계열(고혈압/심혈관, 흡수/고갈 메커니즘 후보)인데 미커버 — source-check 우선 대상(확정 아님)"
270,텔미사르탄/로수바스타틴칼슘/에제티미브,12,고혈압/심혈관,no,relation_eligible_uncovered,"근거 개연 계열(고혈압/심혈관, 흡수/고갈 메커니즘 후보)인데 미커버 — source-check 우선 대상(확정 아님)"
271,탄산수소나트륨/라베프라졸나트륨,12,소화/위장,yes,covered,"relation_card 보유(base=라베프라졸, relation_card 품목 12건) — source_confirmed 근거 존재"
272,도네페질염산염,12,신경/뇌,no,safe_name_only,"근거 약함/일반 계열(신경/뇌) — name_only/정보없음 안전응답, 검색은 정상 응답(실패 아님)"
273,나부메톤,12,기타,no,safe_name_only,"근거 약함/일반 계열(기타) — name_only/정보없음 안전응답, 검색은 정상 응답(실패 아님)"
274,트리암시놀론아세토니드,12,기타,no,safe_name_only,"근거 약함/일반 계열(기타) — name_only/정보없음 안전응답, 검색은 정상 응답(실패 아님)"
275,테노포비르디소프록실,12,기타,no,safe_name_only,"근거 약함/일반 계열(기타) — name_only/정보없음 안전응답, 검색은 정상 응답(실패 아님)"
276,S-암로디핀베실산염2.5수화물/발사르탄/인다파미드,12,고혈압/심혈관,yes,covered,"relation_card 보유(base=인다파미드, relation_card 품목 0건) — source_confirmed 근거 존재"
277,암로디핀베실산염/발사르탄/클로르탈리돈,12,고혈압/심혈관,yes,covered,"relation_card 보유(base=클로르탈리돈, relation_card 품목 0건) — source_confirmed 근거 존재"
278,자일로메타졸린염산염,12,기타,no,safe_name_only,"근거 약함/일반 계열(기타) — name_only/정보없음 안전응답, 검색은 정상 응답(실패 아님)"
279,벤지다민염산염,12,기타,no,safe_name_only,"근거 약함/일반 계열(기타) — name_only/정보없음 안전응답, 검색은 정상 응답(실패 아님)"
280,레보도파/카르비도파수화물/엔타카폰,12,기타,no,safe_name_only,"근거 약함/일반 계열(기타) — name_only/정보없음 안전응답, 검색은 정상 응답(실패 아님)"
281,페람파넬(미분화),12,기타,no,safe_name_only,"근거 약함/일반 계열(기타) — name_only/정보없음 안전응답, 검색은 정상 응답(실패 아님)"
282,실데나필,12,기타,no,safe_name_only,"근거 약함/일반 계열(기타) — name_only/정보없음 안전응답, 검색은 정상 응답(실패 아님)"
283,엘로티닙염산염,12,기타,no,safe_name_only,"근거 약함/일반 계열(기타) — name_only/정보없음 안전응답, 검색은 정상 응답(실패 아님)"
284,로수바스타틴칼슘/암로디핀베실산염,12,고혈압/심혈관,no,relation_eligible_uncovered,"근거 개연 계열(고혈압/심혈관, 흡수/고갈 메커니즘 후보)인데 미커버 — source-check 우선 대상(확정 아님)"
285,팔보시클립,12,기타,no,safe_name_only,"근거 약함/일반 계열(기타) — name_only/정보없음 안전응답, 검색은 정상 응답(실패 아님)"
286,갈란타민브롬화수소산염,12,기타,no,safe_name_only,"근거 약함/일반 계열(기타) — name_only/정보없음 안전응답, 검색은 정상 응답(실패 아님)"
287,에독사반베실산염수화물,12,항혈전(민감),no,blocked_sensitive,민감/고위험군(항혈전(민감)) — 임상판단·출혈/상호작용 위험으로 clinical reviewer 트랙 전까지 hold
288,독시사이클린,11,항생/항균,yes,covered,"relation_card 보유(base=독시사이클린, relation_card 품목 11건) — source_confirmed 근거 존재"
289,덱시부프로펜 디.씨.,11,기타,no,safe_name_only,"근거 약함/일반 계열(기타) — name_only/정보없음 안전응답, 검색은 정상 응답(실패 아님)"
290,발라시클로비르염산염,11,기타,no,safe_name_only,"근거 약함/일반 계열(기타) — name_only/정보없음 안전응답, 검색은 정상 응답(실패 아님)"
291,란소프라졸/침강탄산칼슘,11,소화/위장,yes,covered,"relation_card 보유(base=란소프라졸, relation_card 품목 11건) — source_confirmed 근거 존재"
292,돔페리돈말레산염,11,소화/위장,no,relation_eligible_uncovered,"근거 개연 계열(소화/위장, 흡수/고갈 메커니즘 후보)인데 미커버 — source-check 우선 대상(확정 아님)"
293,파모티딘/수산화마그네슘/침강탄산칼슘,11,소화/위장,no,relation_eligible_uncovered,"근거 개연 계열(소화/위장, 흡수/고갈 메커니즘 후보)인데 미커버 — source-check 우선 대상(확정 아님)"
294,아세트아미노펜/클로르페니라민말레산염/dl-메틸에페드린염산염/슈도에페드린염산염/덱스트로메토르판브롬화수소산염수화물/구아이페네신,11,해열진통/소염,no,safe_name_only,"근거 약함/일반 계열(해열진통/소염) — name_only/정보없음 안전응답, 검색은 정상 응답(실패 아님)"
295,텔미사르탄/암로디핀베실산염/로수바스타틴칼슘,11,고혈압/심혈관,no,relation_eligible_uncovered,"근거 개연 계열(고혈압/심혈관, 흡수/고갈 메커니즘 후보)인데 미커버 — source-check 우선 대상(확정 아님)"
296,칸데사르탄실렉세틸/암로디핀베실산염,11,고혈압/심혈관,no,relation_eligible_uncovered,"근거 개연 계열(고혈압/심혈관, 흡수/고갈 메커니즘 후보)인데 미커버 — source-check 우선 대상(확정 아님)"
297,모사프리드시트르산염이수화물,11,소화/위장,no,relation_eligible_uncovered,"근거 개연 계열(소화/위장, 흡수/고갈 메커니즘 후보)인데 미커버 — source-check 우선 대상(확정 아님)"
298,베포타스틴살리실산염,11,기타,no,safe_name_only,"근거 약함/일반 계열(기타) — name_only/정보없음 안전응답, 검색은 정상 응답(실패 아님)"
299,메퀴타진/벨라돈나총알칼로이드/글리시리진산이칼륨/슈도에페드린염산염/카페인무수물,11,호흡기/알레르기,no,safe_name_only,"근거 약함/일반 계열(호흡기/알레르기) — name_only/정보없음 안전응답, 검색은 정상 응답(실패 아님)"
300,슈도에페드린염산염/트리프롤리딘염산염수화물,11,호흡기/알레르기,no,safe_name_only,"근거 약함/일반 계열(호흡기/알레르기) — name_only/정보없음 안전응답, 검색은 정상 응답(실패 아님)"
