rank,ingredient_name,product_count,therapeutic_class,relation_covered,relation_card_products,covered_base_ingredient,in_popular_seed,sensitive_hold,queue_action
1,프레가발린,200,신경/뇌,no,0,,yes,no,source_check_candidate
2,피나스테리드,193,비뇨/전립선,no,0,,yes,no,source_check_candidate
3,몬테루카스트나트륨,186,호흡기/알레르기,no,0,,yes,no,source_check_candidate
4,라베프라졸나트륨,174,소화/위장,yes,174,라베프라졸,yes,no,covered
5,모사프리드시트르산염수화물,160,소화/위장,no,0,,yes,no,source_check_candidate
6,탐스로신염산염,160,비뇨/전립선,no,0,,yes,no,source_check_candidate
7,아목시실린수화물/묽은클라불란산칼륨,159,항생/항균,no,0,,yes,no,source_check_candidate
8,플루코나졸,156,항진균,no,0,,no,no,source_check_candidate
9,타다라필,150,비뇨/전립선,no,0,,no,no,source_check_candidate
10,레바미피드,149,소화/위장,no,0,,yes,no,source_check_candidate
11,도네페질염산염수화물,146,신경/뇌,no,0,,yes,no,source_check_candidate
12,클래리트로마이신,144,항생/항균,no,0,,yes,no,source_check_candidate
13,아세클로페낙,143,해열진통/소염,no,0,,yes,no,source_check_candidate
14,에페리손염산염,142,해열진통/소염,no,0,,no,no,source_check_candidate
15,가바펜틴,137,신경/뇌,no,0,,yes,no,source_check_candidate
16,글리메피리드,136,당뇨,no,0,,yes,no,source_check_candidate
17,록소프로펜나트륨수화물,135,해열진통/소염,no,0,,yes,no,source_check_candidate
18,세파클러수화물,134,항생/항균,no,0,,yes,no,source_check_candidate
19,쿠에티아핀푸마르산염,130,정신건강(민감),no,0,,yes,yes,source_check_hold(sensitive)
20,사르포그렐레이트염산염,120,고혈압/심혈관,no,0,,no,no,source_check_candidate
21,레보드로프로피진,119,호흡기/알레르기,no,0,,yes,no,source_check_candidate
22,솔리페나신숙신산염,115,비뇨/전립선,no,0,,no,no,source_check_candidate
23,토피라메이트,115,신경/뇌,no,0,,no,no,source_check_candidate
24,테르비나핀염산염,114,항진균,no,0,,no,no,source_check_candidate
25,메트포르민,113,당뇨,yes,113,메트포르민,yes,no,covered
26,히드로클로로티아지드,113,고혈압/심혈관,yes,113,히드로클로로티아지드,yes,no,covered
27,플루옥세틴염산염,110,기타,no,0,,no,no,source_check_candidate
28,메만틴염산염,109,신경/뇌,no,0,,no,no,source_check_candidate
29,에르도스테인,109,기타,no,0,,no,no,source_check_candidate
30,파모티딘,106,소화/위장,no,0,,yes,no,source_check_candidate
31,로수바스타틴칼슘,105,고지혈증,no,0,,yes,no,source_check_candidate
32,실로스타졸,103,고혈압/심혈관,no,0,,yes,no,source_check_candidate
33,에스시탈로프람옥살산염,103,정신건강(민감),no,0,,yes,yes,source_check_hold(sensitive)
34,로사르탄칼륨,101,고혈압/심혈관,no,0,,yes,no,source_check_candidate
35,오셀타미비르인산염,101,기타,no,0,,no,no,source_check_candidate
36,올로파타딘염산염,100,기타,no,0,,yes,no,source_check_candidate
37,아세트아미노펜/트라마돌염산염,99,해열진통/소염,no,0,,yes,no,source_check_candidate
38,덱시부프로펜,99,기타,no,0,,yes,no,source_check_candidate
39,멜록시캄,99,해열진통/소염,no,0,,yes,no,source_check_candidate
40,레보세티리진염산염,99,호흡기/알레르기,no,0,,yes,no,source_check_candidate
41,콜린알포세레이트,99,신경/뇌,no,0,,yes,no,source_check_candidate
42,베포타스틴베실산염,97,기타,no,0,,yes,no,source_check_candidate
43,이부프로펜,94,해열진통/소염,no,0,,yes,no,source_check_candidate
44,두타스테리드,94,비뇨/전립선,no,0,,yes,no,source_check_candidate
45,레보플록사신,91,항생/항균,yes,91,레보플록사신,yes,no,covered
46,트라마돌염산염/아세트아미노펜,88,해열진통/소염,no,0,,yes,no,source_check_candidate
47,피오글리타존염산염,88,당뇨,no,0,,yes,no,source_check_candidate
48,발사르탄,87,고혈압/심혈관,no,0,,yes,no,source_check_candidate
49,모메타손푸로에이트,86,기타,no,0,,no,no,source_check_candidate
50,레보설피리드,85,기타,no,0,,yes,no,source_check_candidate
51,리바록사반(미분화),85,항혈전(민감),no,0,,yes,yes,source_check_hold(sensitive)
52,아토르바스타틴칼슘삼수화물,84,고지혈증,no,0,,yes,no,source_check_candidate
53,아세틸시스테인,82,호흡기/알레르기,no,0,,yes,no,source_check_candidate
54,세프트리악손나트륨수화물,81,기타,no,0,,no,no,source_check_candidate
55,실데나필시트르산염,77,기타,no,0,,no,no,source_check_candidate
56,다파글리플로진프로판디올수화물,75,당뇨,no,0,,yes,no,source_check_candidate
57,카르베딜롤,73,고혈압/심혈관,no,0,,yes,no,source_check_candidate
58,시타글립틴염산염수화물,73,당뇨,no,0,,yes,no,source_check_candidate
59,클로피도그렐황산염,72,항혈전(민감),no,0,,yes,yes,source_check_hold(sensitive)
60,에피나스틴염산염,70,기타,no,0,,no,no,source_check_candidate
61,시프로플록사신,69,항생/항균,yes,69,시프로플록사신,yes,no,covered
62,이반드론산나트륨일수화물,69,골다공증,yes,69,이반드론산,yes,no,covered
63,트리메부틴말레산염,65,소화/위장,no,0,,yes,no,source_check_candidate
64,발사르탄/암로디핀베실산염,63,고혈압/심혈관,no,0,,yes,no,source_check_candidate
65,세티리진염산염,63,호흡기/알레르기,no,0,,yes,no,source_check_candidate
66,텔미사르탄/암로디핀베실산염,62,고혈압/심혈관,no,0,,yes,no,source_check_candidate
67,록시트로마이신,60,기타,no,0,,no,no,source_check_candidate
68,메틸프레드니솔론,60,기타,no,0,,no,no,source_check_candidate
69,니세르골린,60,고혈압/심혈관,no,0,,no,no,source_check_candidate
70,텔미사르탄,59,고혈압/심혈관,no,0,,yes,no,source_check_candidate
71,로수바스타틴칼슘/에제티미브,59,고지혈증,no,0,,yes,no,source_check_candidate
72,아픽사반,59,항혈전(민감),no,0,,no,yes,source_check_hold(sensitive)
73,피마사르탄칼륨삼수화물/에스암로디핀베실산염2.5수화물,57,고혈압/심혈관,no,0,,yes,no,source_check_candidate
74,에제티미브/심바스타틴,56,고지혈증,no,0,,yes,no,source_check_candidate
75,클로피도그렐황산수소염,55,항혈전(민감),no,0,,yes,yes,source_check_hold(sensitive)
76,심바스타틴,55,고지혈증,no,0,,yes,no,source_check_candidate
77,알마게이트,54,소화/위장,no,0,,no,no,source_check_candidate
78,알렌드론산,52,골다공증,yes,52,알렌드론산,yes,no,covered
79,리스페리돈,52,기타,no,0,,no,no,source_check_candidate
80,미녹시딜,52,기타,no,0,,no,no,source_check_candidate
81,디클로페낙나트륨,51,해열진통/소염,no,0,,yes,no,source_check_candidate
82,에제티미브/아토르바스타틴칼슘삼수화물,51,고지혈증,no,0,,yes,no,source_check_candidate
83,다파글리플로진프로판디올수화물/시타글립틴인산염수화물,51,당뇨,no,0,,yes,no,source_check_candidate
84,플루르비프로펜,51,기타,no,0,,no,no,source_check_candidate
85,칸데사르탄실렉세틸,50,고혈압/심혈관,no,0,,yes,no,source_check_candidate
86,엠파글리플로진,50,당뇨,no,0,,yes,no,source_check_candidate
87,리바스티그민타르타르산염,50,기타,no,0,,no,no,source_check_candidate
88,니자티딘,48,소화/위장,no,0,,yes,no,source_check_candidate
89,라푸티딘,48,소화/위장,no,0,,yes,no,source_check_candidate
90,아젤라스틴염산염,48,기타,no,0,,no,no,source_check_candidate
91,리도카인,48,기타,no,0,,no,no,source_check_candidate
92,이트라코나졸고체분산체,47,항진균,no,0,,no,no,source_check_candidate
93,암로디핀베실산염/올메사르탄메독소밀,47,고혈압/심혈관,no,0,,yes,no,source_check_candidate
94,아스피린,47,기타,no,0,,yes,no,source_check_candidate
95,보노프라잔푸마르산염,46,기타,no,0,,no,no,source_check_candidate
96,툴로부테롤,46,기타,no,0,,no,no,source_check_candidate
97,엔테카비르,45,기타,no,0,,no,no,source_check_candidate
98,데스모프레신아세트산염,45,기타,no,0,,no,no,source_check_candidate
99,베타메타손발레레이트/겐타마이신황산염,45,기타,no,0,,no,no,source_check_candidate
100,세틸피리디늄염화물,45,기타,no,0,,no,no,source_check_candidate
101,로수바스타틴칼슘/칸데사르탄실렉세틸,44,고혈압/심혈관,no,0,,yes,no,source_check_candidate
102,판토프라졸나트륨세스키히드레이트,43,소화/위장,yes,43,판토프라졸,yes,no,covered
103,펙소페나딘염산염,43,호흡기/알레르기,no,0,,yes,no,source_check_candidate
104,테라조신염산염수화물,43,기타,no,0,,no,no,source_check_candidate
105,리바록사반,43,항혈전(민감),no,0,,yes,yes,source_check_hold(sensitive)
106,오메프라졸,42,소화/위장,yes,42,에스오메프라졸,yes,no,covered
107,나프록센,42,해열진통/소염,no,0,,yes,no,source_check_candidate
108,아토르바스타틴칼슘수화물,42,고지혈증,no,0,,yes,no,source_check_candidate
109,피타바스타틴칼슘수화물,42,고지혈증,no,0,,yes,no,source_check_candidate
110,이토프리드염산염,42,소화/위장,no,0,,yes,no,source_check_candidate
111,염화세틸피리디늄,42,기타,no,0,,no,no,source_check_candidate
112,리바스티그민,41,기타,no,0,,no,no,source_check_candidate
113,세프포독심프록세틸,39,항생/항균,no,0,,no,no,source_check_candidate
114,리세드론산나트륨2.5수화물/콜레칼시페롤농축물(분말형),39,골다공증,yes,39,리세드론산,yes,no,covered
115,암로디핀베실산염/로사르탄칼륨,38,고혈압/심혈관,no,0,,yes,no,source_check_candidate
116,올메사르탄메독소밀/암로디핀베실산염,37,고혈압/심혈관,no,0,,yes,no,source_check_candidate
117,리나글립틴,37,당뇨,no,0,,yes,no,source_check_candidate
118,테고프라잔,37,기타,no,0,,no,no,source_check_candidate
119,올란자핀,37,정신건강(민감),no,0,,no,yes,source_check_hold(sensitive)
120,라사길린메실산염,37,기타,no,0,,no,no,source_check_candidate
121,피타바스타틴칼슘,36,고지혈증,no,0,,yes,no,source_check_candidate
122,플루오로메톨론,36,기타,no,0,,no,no,source_check_candidate
123,포비돈요오드,36,기타,no,0,,no,no,source_check_candidate
124,암브록솔염산염,35,호흡기/알레르기,no,0,,yes,no,source_check_candidate
125,아세트아미노펜,34,해열진통/소염,no,0,,yes,no,source_check_candidate
126,클래리트로마이신제피과립,34,항생/항균,no,0,,yes,no,source_check_candidate
127,암로디핀베실산염,34,고혈압/심혈관,no,0,,yes,no,source_check_candidate
128,텔미사르탄파우더(23.9%)/암로디핀베실산염,34,고혈압/심혈관,no,0,,yes,no,source_check_candidate
129,알벤다졸,34,기타,no,0,,no,no,source_check_candidate
130,오플록사신,33,기타,yes,33,오플록사신,yes,no,covered
131,세푸록심악세틸,33,기타,no,0,,no,no,source_check_candidate
132,피록시캄,33,기타,no,0,,no,no,source_check_candidate
133,페북소스타트,33,기타,no,0,,yes,no,source_check_candidate
134,아세브로필린,33,기타,no,0,,no,no,source_check_candidate
135,라모세트론염산염,33,기타,no,0,,no,no,source_check_candidate
136,토파시티닙시트르산염,33,기타,no,0,,no,no,source_check_candidate
137,둘록세틴염산염장용과립,31,정신건강(민감),no,0,,no,yes,source_check_hold(sensitive)
138,리세드론산나트륨2.5수화물,31,골다공증,yes,31,리세드론산,yes,no,covered
139,타크로리무스수화물,31,기타,no,0,,no,no,source_check_candidate
140,로피니롤염산염,31,기타,no,0,,no,no,source_check_candidate
141,올메사르탄메독소밀,30,고혈압/심혈관,no,0,,yes,no,source_check_candidate
142,탈니플루메이트,30,해열진통/소염,no,0,,no,no,source_check_candidate
143,미르타자핀,30,정신건강(민감),no,0,,no,yes,source_check_hold(sensitive)
144,프로피베린염산염,30,기타,no,0,,no,no,source_check_candidate
145,토브라마이신,30,기타,no,0,,no,no,source_check_candidate
146,브로멜라인,30,기타,no,0,,no,no,source_check_candidate
147,클로르족사존/에텐자미드/카페인수화물,29,기타,no,0,,no,no,source_check_candidate
148,사이클로스포린,29,기타,no,0,,no,no,source_check_candidate
149,클로르헥시딘글루콘산염 액,29,기타,no,0,,no,no,source_check_candidate
150,펜타닐시트르산염,29,기타,no,0,,no,no,source_check_candidate
151,에독사반토실산염수화물,29,항혈전(민감),no,0,,no,yes,source_check_hold(sensitive)
152,아리피프라졸,28,정신건강(민감),no,0,,no,yes,source_check_hold(sensitive)
153,침강탄산칼슘/인산수소칼슘수화물/아미노카프로산/알란토인클로로히드록시알루미늄,28,기타,no,0,,yes,no,source_check_candidate
154,도네페질염산염일수화물,27,신경/뇌,no,0,,yes,no,source_check_candidate
155,아세트아미노펜/슈도에페드린염산염/클로르페니라민말레산염,26,해열진통/소염,no,0,,yes,no,source_check_candidate
156,알프라졸람,26,정신건강(민감),no,0,,yes,yes,source_check_hold(sensitive)
157,세픽심수화물,26,항생/항균,no,0,,no,no,source_check_candidate
158,테네리글립틴염산염수화물,26,당뇨,no,0,,no,no,source_check_candidate
159,케토티펜푸마르산염,26,기타,no,0,,no,no,source_check_candidate
160,부스피론염산염,26,기타,no,0,,no,no,source_check_candidate
161,디쿠아포솔나트륨,26,기타,no,0,,no,no,source_check_candidate
162,나프록센나트륨,25,해열진통/소염,no,0,,yes,no,source_check_candidate
163,아토르바스타틴칼슘삼수화물/에제티미브,25,고지혈증,no,0,,yes,no,source_check_candidate
164,미라베그론,25,비뇨/전립선,no,0,,no,no,source_check_candidate
165,프라미펙솔염산염일수화물,25,기타,no,0,,no,no,source_check_candidate
166,이부프로펜/파마브롬,24,해열진통/소염,no,0,,yes,no,source_check_candidate
167,란소프라졸과립,24,소화/위장,yes,24,란소프라졸,yes,no,covered
168,반코마이신염산염,24,기타,no,0,,no,no,source_check_candidate
169,도네페질염산염수화물/메만틴염산염,23,신경/뇌,no,0,,yes,no,source_check_candidate
170,텔미사르탄/클로르탈리돈/암로디핀베실산염,23,고혈압/심혈관,yes,0,클로르탈리돈,yes,no,covered
171,시메티딘,23,기타,no,0,,no,no,source_check_candidate
172,멜라토닌,23,기타,no,0,,no,no,source_check_candidate
173,텔미사르탄/로수바스타틴칼슘,22,고혈압/심혈관,no,0,,yes,no,source_check_candidate
174,파록세틴염산염수화물,22,정신건강(민감),no,0,,no,yes,source_check_hold(sensitive)
175,아리피프라졸(미분화),22,정신건강(민감),no,0,,no,yes,source_check_hold(sensitive)
176,실로스타졸/은행엽건조엑스,21,고혈압/심혈관,no,0,,yes,no,source_check_candidate
177,설트랄린염산염,21,정신건강(민감),no,0,,yes,yes,source_check_hold(sensitive)
178,비사코딜/도큐세이트나트륨,21,기타,no,0,,no,no,source_check_candidate
179,클로베타솔프로피오네이트,21,기타,no,0,,no,no,source_check_candidate
180,아모롤핀염산염,21,기타,no,0,,no,no,source_check_candidate
181,리도카인/프릴로카인,21,기타,no,0,,no,no,source_check_candidate
182,아목시실린수화물/설박탐피복실,20,항생/항균,no,0,,yes,no,source_check_candidate
183,로라타딘,20,호흡기/알레르기,no,0,,yes,no,source_check_candidate
184,라모트리진,20,신경/뇌,no,0,,no,no,source_check_candidate
185,레르카니디핀염산염,20,기타,no,0,,no,no,source_check_candidate
186,리세드론산나트륨,20,골다공증,yes,20,리세드론산,yes,no,covered
187,바레니클린살리실산염,20,기타,no,0,,no,no,source_check_candidate
188,시클로피록스,20,기타,no,0,,no,no,source_check_candidate
189,플루오로메톨론/테트라히드로졸린염산염,20,기타,no,0,,no,no,source_check_candidate
190,결정트립신/브로멜라인,20,기타,no,0,,no,no,source_check_candidate
191,이매티닙메실산염,20,기타,no,0,,no,no,source_check_candidate
192,몬테루카스트나트륨/레보세티리진염산염,19,호흡기/알레르기,no,0,,yes,no,source_check_candidate
193,펠로디핀,19,기타,no,0,,no,no,source_check_candidate
194,레플루노미드,19,기타,no,0,,no,no,source_check_candidate
195,레미펜타닐염산염,19,기타,no,0,,no,no,source_check_candidate
196,클린다마이신포스페이트,18,기타,no,0,,yes,no,source_check_candidate
197,이르베사르탄,18,고혈압/심혈관,no,0,,yes,no,source_check_candidate
198,클로트리마졸,18,기타,no,0,,no,no,source_check_candidate
199,히드로코르티손,18,기타,no,0,,no,no,source_check_candidate
200,프란루카스트수화물,18,호흡기/알레르기,no,0,,no,no,source_check_candidate
201,라코사미드,18,기타,no,0,,no,no,source_check_candidate
202,리세드론산나트륨일수화물,18,골다공증,yes,18,리세드론산,yes,no,covered
203,알리트레티노인,18,기타,no,0,,no,no,source_check_candidate
204,아토목세틴염산염,18,기타,no,0,,no,no,source_check_candidate
205,레보티록신,17,갑상선/내분비,yes,17,레보티록신,yes,no,covered
206,페노피브레이트,17,고지혈증,no,0,,yes,no,source_check_candidate
207,에탄올(95),17,기타,no,0,,no,no,source_check_candidate
208,브롬페낙나트륨수화물,17,기타,no,0,,no,no,source_check_candidate
209,세프프로질 수화물,17,항생/항균,no,0,,no,no,source_check_candidate
210,소마트로핀,17,기타,no,0,,no,no,source_check_candidate
211,올메사르탄메독소밀/로수바스타틴칼슘,17,고혈압/심혈관,no,0,,yes,no,source_check_candidate
212,시타글립틴인산염수화물/피오글리타존염산염,16,당뇨,no,0,,yes,no,source_check_candidate
213,잘토프로펜,16,해열진통/소염,no,0,,no,no,source_check_candidate
214,바클로펜,16,기타,no,0,,no,no,source_check_candidate
215,알푸조신염산염,16,비뇨/전립선,no,0,,no,no,source_check_candidate
216,나프토피딜,16,기타,no,0,,no,no,source_check_candidate
217,바제독시펜아세테이트/콜레칼시페롤농축분말,16,골다공증,no,0,,no,no,source_check_candidate
218,세틸피리디늄염화물수화물,16,기타,no,0,,no,no,source_check_candidate
219,판크레아틴/셀룰라제/우담즙 건조엑스/디메티콘,16,기타,no,0,,yes,no,source_check_candidate
220,티카그렐러,16,기타,no,0,,no,no,source_check_candidate
221,이부프로펜피코놀/이소프로필메틸페놀,16,해열진통/소염,no,0,,yes,no,source_check_candidate
222,아토르바스타틴칼슘/에제티미브,16,고지혈증,no,0,,yes,no,source_check_candidate
223,펠라고니움시도이데스11%에탄올건조엑스(5.5~6.6→1),16,기타,no,0,,no,no,source_check_candidate
224,에베로리무스,16,기타,no,0,,no,no,source_check_candidate
225,도르졸라미드염산염/티몰롤말레산염,16,기타,no,0,,no,no,source_check_candidate
226,로수바스타틴칼슘(미분화),15,고지혈증,no,0,,yes,no,source_check_candidate
227,라베프라졸나트륨/탄산수소나트륨,15,소화/위장,yes,15,라베프라졸,yes,no,covered
228,졸피뎀타르타르산염,15,정신건강(민감),no,0,,yes,yes,source_check_hold(sensitive)
229,세프라딘수화물,15,항생/항균,no,0,,no,no,source_check_candidate
230,메게스트롤아세테이트,15,기타,no,0,,no,no,source_check_candidate
231,세프프로질수화물,15,항생/항균,no,0,,no,no,source_check_candidate
232,펜타닐,15,기타,no,0,,no,no,source_check_candidate
233,아지트로마이신수화물,14,항생/항균,no,0,,yes,no,source_check_candidate
234,이트라코나졸펠렛,14,항진균,no,0,,no,no,source_check_candidate
235,시타글립틴염산염수화물/다파글리플로진시트르산(미분화),14,당뇨,no,0,,yes,no,source_check_candidate
236,아세트아미노펜/클로르페니라민말레산염/슈도에페드린염산염,14,해열진통/소염,no,0,,yes,no,source_check_candidate
237,암로디핀베실산염/발사르탄,14,고혈압/심혈관,no,0,,yes,no,source_check_candidate
238,에제티미브/로수바스타틴칼슘,14,고지혈증,no,0,,yes,no,source_check_candidate
239,슈도에페드린염산염/에바스틴,14,호흡기/알레르기,no,0,,yes,no,source_check_candidate
240,아테놀롤,14,고혈압/심혈관,no,0,,no,no,source_check_candidate
241,플루오르화나트륨,14,기타,no,0,,no,no,source_check_candidate
242,보티옥세틴브롬화수소산염,14,기타,no,0,,no,no,source_check_candidate
243,이소트레티노인,14,기타,no,0,,no,no,source_check_candidate
244,리도카인염산염수화물,14,기타,no,0,,no,no,source_check_candidate
245,라타노프로스트,14,기타,no,0,,no,no,source_check_candidate
246,폴리카르보필칼슘,14,기타,no,0,,no,no,source_check_candidate
247,메틸페니데이트염산염,14,기타,no,0,,no,no,source_check_candidate
248,트라넥삼산,14,기타,no,0,,no,no,source_check_candidate
249,디클로페낙디에틸암모늄,13,해열진통/소염,no,0,,yes,no,source_check_candidate
250,클로피도그렐황산염/아스피린장용펠렛,13,항혈전(민감),no,0,,yes,yes,source_check_hold(sensitive)
251,암피실린나트륨/설박탐나트륨,13,기타,no,0,,no,no,source_check_candidate
252,에날라프릴말레산염,13,고혈압/심혈관,no,0,,no,no,source_check_candidate
253,빌다글립틴,13,당뇨,no,0,,yes,no,source_check_candidate
254,시메티콘,13,기타,no,0,,no,no,source_check_candidate
255,히드로퀴논,13,기타,no,0,,no,no,source_check_candidate
256,무피로신,13,기타,no,0,,no,no,source_check_candidate
257,D-판테놀,13,기타,no,0,,no,no,source_check_candidate
258,피마사르탄칼륨삼수화물,13,고혈압/심혈관,no,0,,yes,no,source_check_candidate
259,나파모스타트메실산염,13,기타,no,0,,no,no,source_check_candidate
260,프로포폴,13,기타,no,0,,no,no,source_check_candidate
261,아스코르브산/리소짐염산염/토코페롤아세테이트 2배산/카르바조크롬,13,기타,no,0,,no,no,source_check_candidate
262,덱스메데토미딘염산염,13,기타,no,0,,no,no,source_check_candidate
263,로수바스타틴칼슘/발사르탄,13,고혈압/심혈관,no,0,,yes,no,source_check_candidate
264,데노수맙,13,기타,no,0,,no,no,source_check_candidate
265,디클로페낙β-디메틸아미노에탄올,12,해열진통/소염,no,0,,yes,no,source_check_candidate
266,이트라코나졸,12,항진균,no,0,,no,no,source_check_candidate
267,비소프롤롤푸마르산염,12,고혈압/심혈관,no,0,,yes,no,source_check_candidate
268,칸데사르탄실렉세틸/S-암로디핀베실산염2.5수화물,12,고혈압/심혈관,no,0,,yes,no,source_check_candidate
269,텔미사르탄/로수바스타틴칼슘/에제티미브(미분화)/암로디핀베실산염,12,고혈압/심혈관,no,0,,yes,no,source_check_candidate
270,텔미사르탄/로수바스타틴칼슘/에제티미브,12,고혈압/심혈관,no,0,,yes,no,source_check_candidate
271,탄산수소나트륨/라베프라졸나트륨,12,소화/위장,yes,12,라베프라졸,yes,no,covered
272,도네페질염산염,12,신경/뇌,no,0,,yes,no,source_check_candidate
273,나부메톤,12,기타,no,0,,no,no,source_check_candidate
274,트리암시놀론아세토니드,12,기타,no,0,,no,no,source_check_candidate
275,테노포비르디소프록실,12,기타,no,0,,no,no,source_check_candidate
276,S-암로디핀베실산염2.5수화물/발사르탄/인다파미드,12,고혈압/심혈관,yes,0,인다파미드,yes,no,covered
277,암로디핀베실산염/발사르탄/클로르탈리돈,12,고혈압/심혈관,yes,0,클로르탈리돈,yes,no,covered
278,자일로메타졸린염산염,12,기타,no,0,,no,no,source_check_candidate
279,벤지다민염산염,12,기타,no,0,,no,no,source_check_candidate
280,레보도파/카르비도파수화물/엔타카폰,12,기타,no,0,,no,no,source_check_candidate
281,페람파넬(미분화),12,기타,no,0,,no,no,source_check_candidate
282,실데나필,12,기타,no,0,,no,no,source_check_candidate
283,엘로티닙염산염,12,기타,no,0,,no,no,source_check_candidate
284,로수바스타틴칼슘/암로디핀베실산염,12,고혈압/심혈관,no,0,,yes,no,source_check_candidate
285,팔보시클립,12,기타,no,0,,no,no,source_check_candidate
286,갈란타민브롬화수소산염,12,기타,no,0,,no,no,source_check_candidate
287,에독사반베실산염수화물,12,항혈전(민감),no,0,,no,yes,source_check_hold(sensitive)
288,독시사이클린,11,항생/항균,yes,11,독시사이클린,yes,no,covered
289,덱시부프로펜 디.씨.,11,기타,no,0,,yes,no,source_check_candidate
290,발라시클로비르염산염,11,기타,no,0,,no,no,source_check_candidate
291,란소프라졸/침강탄산칼슘,11,소화/위장,yes,11,란소프라졸,yes,no,covered
292,돔페리돈말레산염,11,소화/위장,no,0,,yes,no,source_check_candidate
293,파모티딘/수산화마그네슘/침강탄산칼슘,11,소화/위장,no,0,,yes,no,source_check_candidate
294,아세트아미노펜/클로르페니라민말레산염/dl-메틸에페드린염산염/슈도에페드린염산염/덱스트로메토르판브롬화수소산염수화물/구아이페네신,11,해열진통/소염,no,0,,yes,no,source_check_candidate
295,텔미사르탄/암로디핀베실산염/로수바스타틴칼슘,11,고혈압/심혈관,no,0,,yes,no,source_check_candidate
296,칸데사르탄실렉세틸/암로디핀베실산염,11,고혈압/심혈관,no,0,,yes,no,source_check_candidate
297,모사프리드시트르산염이수화물,11,소화/위장,no,0,,yes,no,source_check_candidate
298,베포타스틴살리실산염,11,기타,no,0,,yes,no,source_check_candidate
299,메퀴타진/벨라돈나총알칼로이드/글리시리진산이칼륨/슈도에페드린염산염/카페인무수물,11,호흡기/알레르기,no,0,,yes,no,source_check_candidate
300,슈도에페드린염산염/트리프롤리딘염산염수화물,11,호흡기/알레르기,no,0,,yes,no,source_check_candidate
