item_seq,item_name,normalized_item_name,ingredient_name,company_name,drug_class,relation_ids,relation_count,nutrients,source_type_inherited,source_url_inherited,source_checked_at,covered_by_relation
198000105,국제독시사이클린하이클레이트수화물캡슐100mg,국제독시사이클린하이클레이트수화물캡슐100mg,독시사이클린,,테트라사이클린계 항생제,7;8;9,3,칼슘;철분;마그네슘,허가사항,https://nedrug.mfds.go.kr/pbp/CCBBB01/getItemDetail?itemSeq=198000105,2026-06-12,True
200002882,덴티스타캡슐(독시사이클린하이클레이트수화물),덴티스타캡슐(독시사이클린하이클레이트수화물),독시사이클린,,테트라사이클린계 항생제,7;8;9,3,칼슘;철분;마그네슘,허가사항,https://nedrug.mfds.go.kr/pbp/CCBBB01/getItemDetail?itemSeq=198000105,2026-06-11,True
201406196,독시라마이신캡슐100mg(독시사이클린수화물),독시라마이신캡슐100mg(독시사이클린수화물),독시사이클린,,테트라사이클린계 항생제,7;8;9,3,칼슘;철분;마그네슘,허가사항,https://nedrug.mfds.go.kr/pbp/CCBBB01/getItemDetail?itemSeq=198000105,2026-06-11,True
201908023,독시메디정(독시사이클린수화물),독시메디정(독시사이클린수화물),독시사이클린,,테트라사이클린계 항생제,7;8;9,3,칼슘;철분;마그네슘,허가사항,https://nedrug.mfds.go.kr/pbp/CCBBB01/getItemDetail?itemSeq=198000105,2026-06-11,True
201507460,독시엔디정(독시사이클린수화물),독시엔디정(독시사이클린수화물),독시사이클린,,테트라사이클린계 항생제,7;8;9,3,칼슘;철분;마그네슘,허가사항,https://nedrug.mfds.go.kr/pbp/CCBBB01/getItemDetail?itemSeq=198000105,2026-06-11,True
201403031,독시정(독시사이클린수화물),독시정(독시사이클린수화물),독시사이클린,,테트라사이클린계 항생제,7;8;9,3,칼슘;철분;마그네슘,허가사항,https://nedrug.mfds.go.kr/pbp/CCBBB01/getItemDetail?itemSeq=198000105,2026-06-11,True
202202687,독시크정50밀리그램(독시사이클린수화물),독시크정50밀리그램(독시사이클린수화물),독시사이클린,,테트라사이클린계 항생제,7;8;9,3,칼슘;철분;마그네슘,허가사항,https://nedrug.mfds.go.kr/pbp/CCBBB01/getItemDetail?itemSeq=198000105,2026-06-11,True
198300718,모노신정(독시사이클린하이클레이트수화물),모노신정(독시사이클린하이클레이트수화물),독시사이클린,,테트라사이클린계 항생제,7;8;9,3,칼슘;철분;마그네슘,허가사항,https://nedrug.mfds.go.kr/pbp/CCBBB01/getItemDetail?itemSeq=198000105,2026-06-11,True
201506123,바이독시정(독시사이클린수화물),바이독시정(독시사이클린수화물),독시사이클린,,테트라사이클린계 항생제,7;8;9,3,칼슘;철분;마그네슘,허가사항,https://nedrug.mfds.go.kr/pbp/CCBBB01/getItemDetail?itemSeq=198000105,2026-06-11,True
199602155,신일모노독시엠캡슐(독시사이클린수화물),신일모노독시엠캡슐(독시사이클린수화물),독시사이클린,,테트라사이클린계 항생제,7;8;9,3,칼슘;철분;마그네슘,허가사항,https://nedrug.mfds.go.kr/pbp/CCBBB01/getItemDetail?itemSeq=198000105,2026-06-12,True
199502147,영풍독시사이클린정100밀리그램,영풍독시사이클린정100밀리그램,독시사이클린,,테트라사이클린계 항생제,7;8;9,3,칼슘;철분;마그네슘,허가사항,https://nedrug.mfds.go.kr/pbp/CCBBB01/getItemDetail?itemSeq=198000105,2026-06-11,True
201903264,씬지로이드정,씬지로이드정,레보티록신,,갑상선호르몬,10;11,2,칼슘;철분,허가사항,https://nedrug.mfds.go.kr/pbp/CCBBB01/getItemDetail?itemSeq=201903264,2026-06-12,True
201902912,씬지로이드정0.0375밀리그램(레보티록신나트륨수화물),씬지로이드정0.0375밀리그램(레보티록신나트륨수화물),레보티록신,,갑상선호르몬,10;11,2,칼슘;철분,허가사항,https://nedrug.mfds.go.kr/pbp/CCBBB01/getItemDetail?itemSeq=201903264,2026-06-11,True
200401821,씬지로이드정0.05밀리그램(레보티록신나트륨수화물),씬지로이드정0.05밀리그램(레보티록신나트륨수화물),레보티록신,,갑상선호르몬,10;11,2,칼슘;철분,허가사항,https://nedrug.mfds.go.kr/pbp/CCBBB01/getItemDetail?itemSeq=201903264,2026-06-11,True
201605340,씬지로이드정0.075밀리그램(레보티록신나트륨수화물),씬지로이드정0.075밀리그램(레보티록신나트륨수화물),레보티록신,,갑상선호르몬,10;11,2,칼슘;철분,허가사항,https://nedrug.mfds.go.kr/pbp/CCBBB01/getItemDetail?itemSeq=201903264,2026-06-11,True
201900107,씬지로이드정0.112밀리그램(레보티록신나트륨수화물),씬지로이드정0.112밀리그램(레보티록신나트륨수화물),레보티록신,,갑상선호르몬,10;11,2,칼슘;철분,허가사항,https://nedrug.mfds.go.kr/pbp/CCBBB01/getItemDetail?itemSeq=201903264,2026-06-11,True
200501664,씬지로이드정0.15밀리그램(레보티록신나트륨수화물),씬지로이드정0.15밀리그램(레보티록신나트륨수화물),레보티록신,,갑상선호르몬,10;11,2,칼슘;철분,허가사항,https://nedrug.mfds.go.kr/pbp/CCBBB01/getItemDetail?itemSeq=201903264,2026-06-11,True
197400278,씬지로이드정0.1밀리그램(레보티록신나트륨수화물),씬지로이드정0.1밀리그램(레보티록신나트륨수화물),레보티록신,,갑상선호르몬,10;11,2,칼슘;철분,허가사항,https://nedrug.mfds.go.kr/pbp/CCBBB01/getItemDetail?itemSeq=201903264,2026-06-11,True
201804237,씬지로이드정0.2밀리그램(레보티록신나트륨수화물),씬지로이드정0.2밀리그램(레보티록신나트륨수화물),레보티록신,,갑상선호르몬,10;11,2,칼슘;철분,허가사항,https://nedrug.mfds.go.kr/pbp/CCBBB01/getItemDetail?itemSeq=201903264,2026-06-11,True
200301116,씬지록신정100마이크로그램(레보티록신나트륨수화물),씬지록신정100마이크로그램(레보티록신나트륨수화물),레보티록신,,갑상선호르몬,10;11,2,칼슘;철분,허가사항,https://nedrug.mfds.go.kr/pbp/CCBBB01/getItemDetail?itemSeq=201903264,2026-06-11,True
202500938,씬지록신정112마이크로그램(레보티록신나트륨수화물),씬지록신정112마이크로그램(레보티록신나트륨수화물),레보티록신,,갑상선호르몬,10;11,2,칼슘;철분,허가사항,https://nedrug.mfds.go.kr/pbp/CCBBB01/getItemDetail?itemSeq=201903264,2026-06-11,True
201706645,씬지록신정125마이크로그램(레보티록신나트륨수화물),씬지록신정125마이크로그램(레보티록신나트륨수화물),레보티록신,,갑상선호르몬,10;11,2,칼슘;철분,허가사항,https://nedrug.mfds.go.kr/pbp/CCBBB01/getItemDetail?itemSeq=201903264,2026-06-11,True
202500949,씬지록신정137마이크로그램(레보티록신나트륨수화물),씬지록신정137마이크로그램(레보티록신나트륨수화물),레보티록신,,갑상선호르몬,10;11,2,칼슘;철분,허가사항,https://nedrug.mfds.go.kr/pbp/CCBBB01/getItemDetail?itemSeq=201903264,2026-06-11,True
201604650,씬지록신정150마이크로그램(레보티록신나트륨수화물),씬지록신정150마이크로그램(레보티록신나트륨수화물),레보티록신,,갑상선호르몬,10;11,2,칼슘;철분,허가사항,https://nedrug.mfds.go.kr/pbp/CCBBB01/getItemDetail?itemSeq=201903264,2026-06-11,True
201706671,씬지록신정25마이크로그램(레보티록신나트륨수화물),씬지록신정25마이크로그램(레보티록신나트륨수화물),레보티록신,,갑상선호르몬,10;11,2,칼슘;철분,허가사항,https://nedrug.mfds.go.kr/pbp/CCBBB01/getItemDetail?itemSeq=201903264,2026-06-11,True
200301117,씬지록신정50마이크로그램(레보티록신나트륨수화물),씬지록신정50마이크로그램(레보티록신나트륨수화물),레보티록신,,갑상선호르몬,10;11,2,칼슘;철분,허가사항,https://nedrug.mfds.go.kr/pbp/CCBBB01/getItemDetail?itemSeq=201903264,2026-06-11,True
201706147,씬지록신정75마이크로그램(레보티록신나트륨수화물),씬지록신정75마이크로그램(레보티록신나트륨수화물),레보티록신,,갑상선호르몬,10;11,2,칼슘;철분,허가사항,https://nedrug.mfds.go.kr/pbp/CCBBB01/getItemDetail?itemSeq=201903264,2026-06-11,True
201706861,씬지록신정88마이크로그램(레보티록신나트륨수화물),씬지록신정88마이크로그램(레보티록신나트륨수화물),레보티록신,,갑상선호르몬,10;11,2,칼슘;철분,허가사항,https://nedrug.mfds.go.kr/pbp/CCBBB01/getItemDetail?itemSeq=201903264,2026-06-11,True
201207060,글로비트정(레보플록사신수화물),글로비트정(레보플록사신수화물),레보플록사신,,플루오로퀴놀론계 항생제,1;2;3,3,칼슘;철분;마그네슘,허가사항,https://nedrug.mfds.go.kr/pbp/CCBBB01/getItemDetail?itemSeq=199900886,2026-06-11,True
199901759,네보락신정(레보플록사신수화물),네보락신정(레보플록사신수화물),레보플록사신,,플루오로퀴놀론계 항생제,1;2;3,3,칼슘;철분;마그네슘,허가사항,https://nedrug.mfds.go.kr/pbp/CCBBB01/getItemDetail?itemSeq=199900886,2026-06-11,True
200001521,노팍신정(레보플록사신수화물),노팍신정(레보플록사신수화물),레보플록사신,,플루오로퀴놀론계 항생제,1;2;3,3,칼슘;철분;마그네슘,허가사항,https://nedrug.mfds.go.kr/pbp/CCBBB01/getItemDetail?itemSeq=199900886,2026-06-11,True
201309425,대웅레보플록사신정100밀리그램(레보플록사신수화물),대웅레보플록사신정100밀리그램(레보플록사신수화물),레보플록사신,,플루오로퀴놀론계 항생제,1;2;3,3,칼슘;철분;마그네슘,허가사항,https://nedrug.mfds.go.kr/pbp/CCBBB01/getItemDetail?itemSeq=199900886,2026-06-11,True
200201176,동구레보플록사신수화물정100mg,동구레보플록사신수화물정100mg,레보플록사신,,플루오로퀴놀론계 항생제,1;2;3,3,칼슘;철분;마그네슘,허가사항,https://nedrug.mfds.go.kr/pbp/CCBBB01/getItemDetail?itemSeq=199900886,2026-06-11,True
200800332,동구레보플록사신수화물정250mg,동구레보플록사신수화물정250mg,레보플록사신,,플루오로퀴놀론계 항생제,1;2;3,3,칼슘;철분;마그네슘,허가사항,https://nedrug.mfds.go.kr/pbp/CCBBB01/getItemDetail?itemSeq=199900886,2026-06-11,True
200800333,동구레보플록사신수화물정500mg,동구레보플록사신수화물정500mg,레보플록사신,,플루오로퀴놀론계 항생제,1;2;3,3,칼슘;철분;마그네슘,허가사항,https://nedrug.mfds.go.kr/pbp/CCBBB01/getItemDetail?itemSeq=199900886,2026-06-11,True
200200715,동성레보플록사신정(레보플록사신수화물),동성레보플록사신정(레보플록사신수화물),레보플록사신,,플루오로퀴놀론계 항생제,1;2;3,3,칼슘;철분;마그네슘,허가사항,https://nedrug.mfds.go.kr/pbp/CCBBB01/getItemDetail?itemSeq=199900886,2026-06-11,True
200101393,라이록사신정(레보플록사신수화물),라이록사신정(레보플록사신수화물),레보플록사신,,플루오로퀴놀론계 항생제,1;2;3,3,칼슘;철분;마그네슘,허가사항,https://nedrug.mfds.go.kr/pbp/CCBBB01/getItemDetail?itemSeq=199900886,2026-06-11,True
201210744,레나신정(레보플록사신수화물),레나신정(레보플록사신수화물),레보플록사신,,플루오로퀴놀론계 항생제,1;2;3,3,칼슘;철분;마그네슘,허가사항,https://nedrug.mfds.go.kr/pbp/CCBBB01/getItemDetail?itemSeq=199900886,2026-06-11,True
201309123,레노보정(레보플록사신수화물),레노보정(레보플록사신수화물),레보플록사신,,플루오로퀴놀론계 항생제,1;2;3,3,칼슘;철분;마그네슘,허가사항,https://nedrug.mfds.go.kr/pbp/CCBBB01/getItemDetail?itemSeq=199900886,2026-06-11,True
199801298,레록신정(레보플록사신수화물),레록신정(레보플록사신수화물),레보플록사신,,플루오로퀴놀론계 항생제,1;2;3,3,칼슘;철분;마그네슘,허가사항,https://nedrug.mfds.go.kr/pbp/CCBBB01/getItemDetail?itemSeq=199900886,2026-06-11,True
201903825,레보건정100밀리그램(레보플록사신수화물),레보건정100밀리그램(레보플록사신수화물),레보플록사신,,플루오로퀴놀론계 항생제,1;2;3,3,칼슘;철분;마그네슘,허가사항,https://nedrug.mfds.go.kr/pbp/CCBBB01/getItemDetail?itemSeq=199900886,2026-06-11,True
201906844,레보건정250밀리그램(레보플록사신수화물),레보건정250밀리그램(레보플록사신수화물),레보플록사신,,플루오로퀴놀론계 항생제,1;2;3,3,칼슘;철분;마그네슘,허가사항,https://nedrug.mfds.go.kr/pbp/CCBBB01/getItemDetail?itemSeq=199900886,2026-06-11,True
201801057,레보건정500밀리그램(레보플록사신수화물),레보건정500밀리그램(레보플록사신수화물),레보플록사신,,플루오로퀴놀론계 항생제,1;2;3,3,칼슘;철분;마그네슘,허가사항,https://nedrug.mfds.go.kr/pbp/CCBBB01/getItemDetail?itemSeq=199900886,2026-06-11,True
201903868,레보나정100밀리그램(레보플록사신수화물),레보나정100밀리그램(레보플록사신수화물),레보플록사신,,플루오로퀴놀론계 항생제,1;2;3,3,칼슘;철분;마그네슘,허가사항,https://nedrug.mfds.go.kr/pbp/CCBBB01/getItemDetail?itemSeq=199900886,2026-06-11,True
201903867,레보나정500밀리그램(레보플록사신수화물),레보나정500밀리그램(레보플록사신수화물),레보플록사신,,플루오로퀴놀론계 항생제,1;2;3,3,칼슘;철분;마그네슘,허가사항,https://nedrug.mfds.go.kr/pbp/CCBBB01/getItemDetail?itemSeq=199900886,2026-06-11,True
201207402,레보라신정(레보플록사신수화물),레보라신정(레보플록사신수화물),레보플록사신,,플루오로퀴놀론계 항생제,1;2;3,3,칼슘;철분;마그네슘,허가사항,https://nedrug.mfds.go.kr/pbp/CCBBB01/getItemDetail?itemSeq=199900886,2026-06-11,True
200200467,레보미신정(레보플록사신수화물),레보미신정(레보플록사신수화물),레보플록사신,,플루오로퀴놀론계 항생제,1;2;3,3,칼슘;철분;마그네슘,허가사항,https://nedrug.mfds.go.kr/pbp/CCBBB01/getItemDetail?itemSeq=199900886,2026-06-11,True
201302165,레보바이정(레보플록사신수화물),레보바이정(레보플록사신수화물),레보플록사신,,플루오로퀴놀론계 항생제,1;2;3,3,칼슘;철분;마그네슘,허가사항,https://nedrug.mfds.go.kr/pbp/CCBBB01/getItemDetail?itemSeq=199900886,2026-06-11,True
201902151,레보바이정250밀리그램(레보플록사신수화물),레보바이정250밀리그램(레보플록사신수화물),레보플록사신,,플루오로퀴놀론계 항생제,1;2;3,3,칼슘;철분;마그네슘,허가사항,https://nedrug.mfds.go.kr/pbp/CCBBB01/getItemDetail?itemSeq=199900886,2026-06-11,True
201902152,레보바이정500밀리그램(레보플록사신수화물),레보바이정500밀리그램(레보플록사신수화물),레보플록사신,,플루오로퀴놀론계 항생제,1;2;3,3,칼슘;철분;마그네슘,허가사항,https://nedrug.mfds.go.kr/pbp/CCBBB01/getItemDetail?itemSeq=199900886,2026-06-11,True
200103330,레보박터정(레보플록사신수화물),레보박터정(레보플록사신수화물),레보플록사신,,플루오로퀴놀론계 항생제,1;2;3,3,칼슘;철분;마그네슘,허가사항,https://nedrug.mfds.go.kr/pbp/CCBBB01/getItemDetail?itemSeq=199900886,2026-06-11,True
201906940,레보사신정250밀리그램(레보플록사신수화물),레보사신정250밀리그램(레보플록사신수화물),레보플록사신,,플루오로퀴놀론계 항생제,1;2;3,3,칼슘;철분;마그네슘,허가사항,https://nedrug.mfds.go.kr/pbp/CCBBB01/getItemDetail?itemSeq=199900886,2026-06-11,True
199801068,레보스타정(레보플록사신),레보스타정(레보플록사신),레보플록사신,,플루오로퀴놀론계 항생제,1;2;3,3,칼슘;철분;마그네슘,허가사항,https://nedrug.mfds.go.kr/pbp/CCBBB01/getItemDetail?itemSeq=199900886,2026-06-11,True
201902167,레보에이블정500밀리그램(레보플록사신수화물),레보에이블정500밀리그램(레보플록사신수화물),레보플록사신,,플루오로퀴놀론계 항생제,1;2;3,3,칼슘;철분;마그네슘,허가사항,https://nedrug.mfds.go.kr/pbp/CCBBB01/getItemDetail?itemSeq=199900886,2026-06-11,True
201701554,레보에프정500밀리그램(레보플록사신수화물),레보에프정500밀리그램(레보플록사신수화물),레보플록사신,,플루오로퀴놀론계 항생제,1;2;3,3,칼슘;철분;마그네슘,허가사항,https://nedrug.mfds.go.kr/pbp/CCBBB01/getItemDetail?itemSeq=199900886,2026-06-11,True
199800454,레보카신정(레보플록사신수화물),레보카신정(레보플록사신수화물),레보플록사신,,플루오로퀴놀론계 항생제,1;2;3,3,칼슘;철분;마그네슘,허가사항,https://nedrug.mfds.go.kr/pbp/CCBBB01/getItemDetail?itemSeq=199900886,2026-06-11,True
201406037,레보카신정750밀리그램(레보플록사신수화물),레보카신정750밀리그램(레보플록사신수화물),레보플록사신,,플루오로퀴놀론계 항생제,1;2;3,3,칼슘;철분;마그네슘,허가사항,https://nedrug.mfds.go.kr/pbp/CCBBB01/getItemDetail?itemSeq=199900886,2026-06-11,True
201801895,레보타신정100밀리그램(레보플록사신수화물),레보타신정100밀리그램(레보플록사신수화물),레보플록사신,,플루오로퀴놀론계 항생제,1;2;3,3,칼슘;철분;마그네슘,허가사항,https://nedrug.mfds.go.kr/pbp/CCBBB01/getItemDetail?itemSeq=199900886,2026-06-11,True
199801012,레보탐정(레보플록사신),레보탐정(레보플록사신),레보플록사신,,플루오로퀴놀론계 항생제,1;2;3,3,칼슘;철분;마그네슘,허가사항,https://nedrug.mfds.go.kr/pbp/CCBBB01/getItemDetail?itemSeq=199900886,2026-06-11,True
201901897,레보투정100밀리그램(레보플록사신수화물),레보투정100밀리그램(레보플록사신수화물),레보플록사신,,플루오로퀴놀론계 항생제,1;2;3,3,칼슘;철분;마그네슘,허가사항,https://nedrug.mfds.go.kr/pbp/CCBBB01/getItemDetail?itemSeq=199900886,2026-06-11,True
201901896,레보투정500밀리그램(레보플록사신수화물),레보투정500밀리그램(레보플록사신수화물),레보플록사신,,플루오로퀴놀론계 항생제,1;2;3,3,칼슘;철분;마그네슘,허가사항,https://nedrug.mfds.go.kr/pbp/CCBBB01/getItemDetail?itemSeq=199900886,2026-06-11,True
201401334,레보트라정(레보플록사신수화물),레보트라정(레보플록사신수화물),레보플록사신,,플루오로퀴놀론계 항생제,1;2;3,3,칼슘;철분;마그네슘,허가사항,https://nedrug.mfds.go.kr/pbp/CCBBB01/getItemDetail?itemSeq=199900886,2026-06-11,True
199400369,레보펙신정(레보플록사신수화물),레보펙신정(레보플록사신수화물),레보플록사신,,플루오로퀴놀론계 항생제,1;2;3,3,칼슘;철분;마그네슘,허가사항,https://nedrug.mfds.go.kr/pbp/CCBBB01/getItemDetail?itemSeq=199900886,2026-06-11,True
200710882,레보펙신정250밀리그램(레보플록사신수화물),레보펙신정250밀리그램(레보플록사신수화물),레보플록사신,,플루오로퀴놀론계 항생제,1;2;3,3,칼슘;철분;마그네슘,허가사항,https://nedrug.mfds.go.kr/pbp/CCBBB01/getItemDetail?itemSeq=199900886,2026-06-12,True
200703280,레보펙신정500밀리그램(레보플록사신수화물),레보펙신정500밀리그램(레보플록사신수화물),레보플록사신,,플루오로퀴놀론계 항생제,1;2;3,3,칼슘;철분;마그네슘,허가사항,https://nedrug.mfds.go.kr/pbp/CCBBB01/getItemDetail?itemSeq=199900886,2026-06-12,True
199903254,레보푸라신정(레보플록사신수화물),레보푸라신정(레보플록사신수화물),레보플록사신,,플루오로퀴놀론계 항생제,1;2;3,3,칼슘;철분;마그네슘,허가사항,https://nedrug.mfds.go.kr/pbp/CCBBB01/getItemDetail?itemSeq=199900886,2026-06-11,True
201701601,레보푸라신정250밀리그램(레보플록사신수화물),레보푸라신정250밀리그램(레보플록사신수화물),레보플록사신,,플루오로퀴놀론계 항생제,1;2;3,3,칼슘;철분;마그네슘,허가사항,https://nedrug.mfds.go.kr/pbp/CCBBB01/getItemDetail?itemSeq=199900886,2026-06-11,True
202003099,레보프사정100밀리그램(레보플록사신수화물),레보프사정100밀리그램(레보플록사신수화물),레보플록사신,,플루오로퀴놀론계 항생제,1;2;3,3,칼슘;철분;마그네슘,허가사항,https://nedrug.mfds.go.kr/pbp/CCBBB01/getItemDetail?itemSeq=199900886,2026-06-11,True
201906311,레보플라정100밀리그램(레보플록사신수화물),레보플라정100밀리그램(레보플록사신수화물),레보플록사신,,플루오로퀴놀론계 항생제,1;2;3,3,칼슘;철분;마그네슘,허가사항,https://nedrug.mfds.go.kr/pbp/CCBBB01/getItemDetail?itemSeq=199900886,2026-06-11,True
201906213,레보플라정500밀리그램(레보플록사신수화물),레보플라정500밀리그램(레보플록사신수화물),레보플록사신,,플루오로퀴놀론계 항생제,1;2;3,3,칼슘;철분;마그네슘,허가사항,https://nedrug.mfds.go.kr/pbp/CCBBB01/getItemDetail?itemSeq=199900886,2026-06-11,True
201406125,레보플러스정750밀리그램(레보플록사신수화물),레보플러스정750밀리그램(레보플록사신수화물),레보플록사신,,플루오로퀴놀론계 항생제,1;2;3,3,칼슘;철분;마그네슘,허가사항,https://nedrug.mfds.go.kr/pbp/CCBBB01/getItemDetail?itemSeq=199900886,2026-06-11,True
201403940,레보플로정(레보플록사신수화물),레보플로정(레보플록사신수화물),레보플록사신,,플루오로퀴놀론계 항생제,1;2;3,3,칼슘;철분;마그네슘,허가사항,https://nedrug.mfds.go.kr/pbp/CCBBB01/getItemDetail?itemSeq=199900886,2026-06-11,True
199900886,레보플록사신수화물정,레보플록사신수화물정,레보플록사신,,플루오로퀴놀론계 항생제,1;2;3,3,칼슘;철분;마그네슘,허가사항,https://nedrug.mfds.go.kr/pbp/CCBBB01/getItemDetail?itemSeq=199900886,2026-06-12,True
200202193,레복사신정100밀리그램(레보플록사신수화물),레복사신정100밀리그램(레보플록사신수화물),레보플록사신,,플루오로퀴놀론계 항생제,1;2;3,3,칼슘;철분;마그네슘,허가사항,https://nedrug.mfds.go.kr/pbp/CCBBB01/getItemDetail?itemSeq=199900886,2026-06-12,True
200905938,레복사신정250밀리그램(레보플록사신수화물),레복사신정250밀리그램(레보플록사신수화물),레보플록사신,,플루오로퀴놀론계 항생제,1;2;3,3,칼슘;철분;마그네슘,허가사항,https://nedrug.mfds.go.kr/pbp/CCBBB01/getItemDetail?itemSeq=199900886,2026-06-12,True
200805811,레복사신정500밀리그램(레보플록사신수화물),레복사신정500밀리그램(레보플록사신수화물),레보플록사신,,플루오로퀴놀론계 항생제,1;2;3,3,칼슘;철분;마그네슘,허가사항,https://nedrug.mfds.go.kr/pbp/CCBBB01/getItemDetail?itemSeq=199900886,2026-06-12,True
199801473,레브록신정(레보플록사신수화물),레브록신정(레보플록사신수화물),레보플록사신,,플루오로퀴놀론계 항생제,1;2;3,3,칼슘;철분;마그네슘,허가사항,https://nedrug.mfds.go.kr/pbp/CCBBB01/getItemDetail?itemSeq=199900886,2026-06-12,True
199803884,레비신정100mg(레보플록사신),레비신정100mg(레보플록사신),레보플록사신,,플루오로퀴놀론계 항생제,1;2;3,3,칼슘;철분;마그네슘,허가사항,https://nedrug.mfds.go.kr/pbp/CCBBB01/getItemDetail?itemSeq=199900886,2026-06-12,True
201708021,레비신정500mg(레보플록사신수화물),레비신정500mg(레보플록사신수화물),레보플록사신,,플루오로퀴놀론계 항생제,1;2;3,3,칼슘;철분;마그네슘,허가사항,https://nedrug.mfds.go.kr/pbp/CCBBB01/getItemDetail?itemSeq=199900886,2026-06-12,True
201502450,레사크라정100밀리그램(레보플록사신수화물),레사크라정100밀리그램(레보플록사신수화물),레보플록사신,,플루오로퀴놀론계 항생제,1;2;3,3,칼슘;철분;마그네슘,허가사항,https://nedrug.mfds.go.kr/pbp/CCBBB01/getItemDetail?itemSeq=199900886,2026-06-12,True
201404678,레크로신정(레보플록사신수화물),레크로신정(레보플록사신수화물),레보플록사신,,플루오로퀴놀론계 항생제,1;2;3,3,칼슘;철분;마그네슘,허가사항,https://nedrug.mfds.go.kr/pbp/CCBBB01/getItemDetail?itemSeq=199900886,2026-06-12,True
199900121,레펙신정(레보플록사신수화물),레펙신정(레보플록사신수화물),레보플록사신,,플루오로퀴놀론계 항생제,1;2;3,3,칼슘;철분;마그네슘,허가사항,https://nedrug.mfds.go.kr/pbp/CCBBB01/getItemDetail?itemSeq=199900886,2026-06-12,True
200806028,레포신정100밀리그램(레보플록사신),레포신정100밀리그램(레보플록사신),레보플록사신,,플루오로퀴놀론계 항생제,1;2;3,3,칼슘;철분;마그네슘,허가사항,https://nedrug.mfds.go.kr/pbp/CCBBB01/getItemDetail?itemSeq=199900886,2026-06-12,True
199806978,레폭신정(레보플록사신수화물),레폭신정(레보플록사신수화물),레보플록사신,,플루오로퀴놀론계 항생제,1;2;3,3,칼슘;철분;마그네슘,허가사항,https://nedrug.mfds.go.kr/pbp/CCBBB01/getItemDetail?itemSeq=199900886,2026-06-12,True
201506122,레프렉스정100mg(레보플록사신수화물),레프렉스정100mg(레보플록사신수화물),레보플록사신,,플루오로퀴놀론계 항생제,1;2;3,3,칼슘;철분;마그네슘,허가사항,https://nedrug.mfds.go.kr/pbp/CCBBB01/getItemDetail?itemSeq=199900886,2026-06-12,True
200202476,레프로신정(레보플록사신수화물),레프로신정(레보플록사신수화물),레보플록사신,,플루오로퀴놀론계 항생제,1;2;3,3,칼슘;철분;마그네슘,허가사항,https://nedrug.mfds.go.kr/pbp/CCBBB01/getItemDetail?itemSeq=199900886,2026-06-12,True
201901699,레플로신정100밀리그램(레보플록사신수화물),레플로신정100밀리그램(레보플록사신수화물),레보플록사신,,플루오로퀴놀론계 항생제,1;2;3,3,칼슘;철분;마그네슘,허가사항,https://nedrug.mfds.go.kr/pbp/CCBBB01/getItemDetail?itemSeq=199900886,2026-06-12,True
201508138,레플록신정500mg(레보플록사신),레플록신정500mg(레보플록사신),레보플록사신,,플루오로퀴놀론계 항생제,1;2;3,3,칼슘;철분;마그네슘,허가사항,https://nedrug.mfds.go.kr/pbp/CCBBB01/getItemDetail?itemSeq=199900886,2026-06-12,True
200804225,렉타신정250밀리그램(레보플록사신수화물),렉타신정250밀리그램(레보플록사신수화물),레보플록사신,,플루오로퀴놀론계 항생제,1;2;3,3,칼슘;철분;마그네슘,허가사항,https://nedrug.mfds.go.kr/pbp/CCBBB01/getItemDetail?itemSeq=199900886,2026-06-12,True
201404979,리플록신정100밀리그램(레보플록사신수화물),리플록신정100밀리그램(레보플록사신수화물),레보플록사신,,플루오로퀴놀론계 항생제,1;2;3,3,칼슘;철분;마그네슘,허가사항,https://nedrug.mfds.go.kr/pbp/CCBBB01/getItemDetail?itemSeq=199900886,2026-06-12,True
202001396,리플록신정250밀리그램(레보플록사신수화물),리플록신정250밀리그램(레보플록사신수화물),레보플록사신,,플루오로퀴놀론계 항생제,1;2;3,3,칼슘;철분;마그네슘,허가사항,https://nedrug.mfds.go.kr/pbp/CCBBB01/getItemDetail?itemSeq=199900886,2026-06-12,True
202002669,리플록신정500밀리그램(레보플록사신수화물),리플록신정500밀리그램(레보플록사신수화물),레보플록사신,,플루오로퀴놀론계 항생제,1;2;3,3,칼슘;철분;마그네슘,허가사항,https://nedrug.mfds.go.kr/pbp/CCBBB01/getItemDetail?itemSeq=199900886,2026-06-12,True
201603130,셀트리온레보플록사신정100밀리그램(레보플록사신수화물),셀트리온레보플록사신정100밀리그램(레보플록사신수화물),레보플록사신,,플루오로퀴놀론계 항생제,1;2;3,3,칼슘;철분;마그네슘,허가사항,https://nedrug.mfds.go.kr/pbp/CCBBB01/getItemDetail?itemSeq=199900886,2026-06-12,True
201403186,알피레보플록사신정100밀리그램(레보플록사신수화물),알피레보플록사신정100밀리그램(레보플록사신수화물),레보플록사신,,플루오로퀴놀론계 항생제,1;2;3,3,칼슘;철분;마그네슘,허가사항,https://nedrug.mfds.go.kr/pbp/CCBBB01/getItemDetail?itemSeq=199900886,2026-06-12,True
201702349,알피레보플록사신정250mg(레보플록사신수화물),알피레보플록사신정250mg(레보플록사신수화물),레보플록사신,,플루오로퀴놀론계 항생제,1;2;3,3,칼슘;철분;마그네슘,허가사항,https://nedrug.mfds.go.kr/pbp/CCBBB01/getItemDetail?itemSeq=199900886,2026-06-12,True
199801522,원플록신정(레보플록사신수화물),원플록신정(레보플록사신수화물),레보플록사신,,플루오로퀴놀론계 항생제,1;2;3,3,칼슘;철분;마그네슘,허가사항,https://nedrug.mfds.go.kr/pbp/CCBBB01/getItemDetail?itemSeq=199900886,2026-06-12,True
200301937,위더스레보플록사신정100밀리그램(레보플록사신수화물),위더스레보플록사신정100밀리그램(레보플록사신수화물),레보플록사신,,플루오로퀴놀론계 항생제,1;2;3,3,칼슘;철분;마그네슘,허가사항,https://nedrug.mfds.go.kr/pbp/CCBBB01/getItemDetail?itemSeq=199900886,2026-06-12,True
201105697,위더스레보플록사신정500밀리그램(레보플록사신수화물),위더스레보플록사신정500밀리그램(레보플록사신수화물),레보플록사신,,플루오로퀴놀론계 항생제,1;2;3,3,칼슘;철분;마그네슘,허가사항,https://nedrug.mfds.go.kr/pbp/CCBBB01/getItemDetail?itemSeq=199900886,2026-06-12,True
200403041,유니레보정(레보플록사신수화물),유니레보정(레보플록사신수화물),레보플록사신,,플루오로퀴놀론계 항생제,1;2;3,3,칼슘;철분;마그네슘,허가사항,https://nedrug.mfds.go.kr/pbp/CCBBB01/getItemDetail?itemSeq=199900886,2026-06-12,True
201607032,유로레보정250mg(레보플록사신수화물),유로레보정250mg(레보플록사신수화물),레보플록사신,,플루오로퀴놀론계 항생제,1;2;3,3,칼슘;철분;마그네슘,허가사항,https://nedrug.mfds.go.kr/pbp/CCBBB01/getItemDetail?itemSeq=199900886,2026-06-12,True
201902439,유로펜타정500mg(레보플록사신수화물),유로펜타정500mg(레보플록사신수화물),레보플록사신,,플루오로퀴놀론계 항생제,1;2;3,3,칼슘;철분;마그네슘,허가사항,https://nedrug.mfds.go.kr/pbp/CCBBB01/getItemDetail?itemSeq=199900886,2026-06-12,True
199400461,제일크라비트정(레보플록사신),제일크라비트정(레보플록사신),레보플록사신,,플루오로퀴놀론계 항생제,1;2;3,3,칼슘;철분;마그네슘,허가사항,https://nedrug.mfds.go.kr/pbp/CCBBB01/getItemDetail?itemSeq=199900886,2026-06-12,True
199801901,카바스타정(레보플록사신수화물),카바스타정(레보플록사신수화물),레보플록사신,,플루오로퀴놀론계 항생제,1;2;3,3,칼슘;철분;마그네슘,허가사항,https://nedrug.mfds.go.kr/pbp/CCBBB01/getItemDetail?itemSeq=199900886,2026-06-12,True
201307960,크라박터정(레보플록사신수화물),크라박터정(레보플록사신수화물),레보플록사신,,플루오로퀴놀론계 항생제,1;2;3,3,칼슘;철분;마그네슘,허가사항,https://nedrug.mfds.go.kr/pbp/CCBBB01/getItemDetail?itemSeq=199900886,2026-06-12,True
201902168,크라보신정100밀리그램(레보플록사신수화물),크라보신정100밀리그램(레보플록사신수화물),레보플록사신,,플루오로퀴놀론계 항생제,1;2;3,3,칼슘;철분;마그네슘,허가사항,https://nedrug.mfds.go.kr/pbp/CCBBB01/getItemDetail?itemSeq=199900886,2026-06-12,True
201607197,크라보신정250밀리그램(레보플록사신수화물),크라보신정250밀리그램(레보플록사신수화물),레보플록사신,,플루오로퀴놀론계 항생제,1;2;3,3,칼슘;철분;마그네슘,허가사항,https://nedrug.mfds.go.kr/pbp/CCBBB01/getItemDetail?itemSeq=199900886,2026-06-12,True
200704488,크라비트정250밀리그람(레보플록사신),크라비트정250밀리그람(레보플록사신),레보플록사신,,플루오로퀴놀론계 항생제,1;2;3,3,칼슘;철분;마그네슘,허가사항,https://nedrug.mfds.go.kr/pbp/CCBBB01/getItemDetail?itemSeq=199900886,2026-06-12,True
200600109,크라비트정500밀리그람(레보플록사신),크라비트정500밀리그람(레보플록사신),레보플록사신,,플루오로퀴놀론계 항생제,1;2;3,3,칼슘;철분;마그네슘,허가사항,https://nedrug.mfds.go.kr/pbp/CCBBB01/getItemDetail?itemSeq=199900886,2026-06-12,True
201310716,크라프록신정100mg(레보플록사신수화물),크라프록신정100mg(레보플록사신수화물),레보플록사신,,플루오로퀴놀론계 항생제,1;2;3,3,칼슘;철분;마그네슘,허가사항,https://nedrug.mfds.go.kr/pbp/CCBBB01/getItemDetail?itemSeq=199900886,2026-06-12,True
201701431,크라프록신정500mg(레보플록사신수화물),크라프록신정500mg(레보플록사신수화물),레보플록사신,,플루오로퀴놀론계 항생제,1;2;3,3,칼슘;철분;마그네슘,허가사항,https://nedrug.mfds.go.kr/pbp/CCBBB01/getItemDetail?itemSeq=199900886,2026-06-12,True
201903771,크레보트정(레보플록사신수화물),크레보트정(레보플록사신수화물),레보플록사신,,플루오로퀴놀론계 항생제,1;2;3,3,칼슘;철분;마그네슘,허가사항,https://nedrug.mfds.go.kr/pbp/CCBBB01/getItemDetail?itemSeq=199900886,2026-06-12,True
200400700,크록사신정(레보플록사신수화물),크록사신정(레보플록사신수화물),레보플록사신,,플루오로퀴놀론계 항생제,1;2;3,3,칼슘;철분;마그네슘,허가사항,https://nedrug.mfds.go.kr/pbp/CCBBB01/getItemDetail?itemSeq=199900886,2026-06-12,True
202001902,하이레보정100밀리그램(레보플록사신수화물),하이레보정100밀리그램(레보플록사신수화물),레보플록사신,,플루오로퀴놀론계 항생제,1;2;3,3,칼슘;철분;마그네슘,허가사항,https://nedrug.mfds.go.kr/pbp/CCBBB01/getItemDetail?itemSeq=199900886,2026-06-12,True
202004914,하이레보정500밀리그램(레보플록사신수화물),하이레보정500밀리그램(레보플록사신수화물),레보플록사신,,플루오로퀴놀론계 항생제,1;2;3,3,칼슘;철분;마그네슘,허가사항,https://nedrug.mfds.go.kr/pbp/CCBBB01/getItemDetail?itemSeq=199900886,2026-06-12,True
201403287,하이록신정100mg(레보플록사신수화물),하이록신정100mg(레보플록사신수화물),레보플록사신,,플루오로퀴놀론계 항생제,1;2;3,3,칼슘;철분;마그네슘,허가사항,https://nedrug.mfds.go.kr/pbp/CCBBB01/getItemDetail?itemSeq=199900886,2026-06-12,True
201402851,하이록신정250mg(레보플록사신수화물),하이록신정250mg(레보플록사신수화물),레보플록사신,,플루오로퀴놀론계 항생제,1;2;3,3,칼슘;철분;마그네슘,허가사항,https://nedrug.mfds.go.kr/pbp/CCBBB01/getItemDetail?itemSeq=199900886,2026-06-12,True
201309833,하이록신정500mg(레보플록사신수화물),하이록신정500mg(레보플록사신수화물),레보플록사신,,플루오로퀴놀론계 항생제,1;2;3,3,칼슘;철분;마그네슘,허가사항,https://nedrug.mfds.go.kr/pbp/CCBBB01/getItemDetail?itemSeq=199900886,2026-06-12,True
201302619,환인레보플록사신정100밀리그램(레보플록사신수화물),환인레보플록사신정100밀리그램(레보플록사신수화물),레보플록사신,,플루오로퀴놀론계 항생제,1;2;3,3,칼슘;철분;마그네슘,허가사항,https://nedrug.mfds.go.kr/pbp/CCBBB01/getItemDetail?itemSeq=199900886,2026-06-12,True
201403944,휴록사신정100mg(레보플록사신수화물),휴록사신정100mg(레보플록사신수화물),레보플록사신,,플루오로퀴놀론계 항생제,1;2;3,3,칼슘;철분;마그네슘,허가사항,https://nedrug.mfds.go.kr/pbp/CCBBB01/getItemDetail?itemSeq=199900886,2026-06-12,True
201600170,"가드메트정100/1000밀리그램(아나글립틴, 메트포르민)","가드메트정100/1000밀리그램(아나글립틴, 메트포르민)",메트포르민,,비구아나이드(당뇨),12,1,비타민B12,허가사항,https://nedrug.mfds.go.kr/pbp/CCBBB01/getItemDetail?itemSeq=200709701,2026-06-12,True
201600172,가드메트정100/500밀리그램,가드메트정100/500밀리그램,메트포르민,,비구아나이드(당뇨),12,1,비타민B12,허가사항,https://nedrug.mfds.go.kr/pbp/CCBBB01/getItemDetail?itemSeq=200709701,2026-06-12,True
201600171,"가드메트정100/850밀리그램(아나글립틴, 메트포르민)","가드메트정100/850밀리그램(아나글립틴, 메트포르민)",메트포르민,,비구아나이드(당뇨),12,1,비타민B12,허가사항,https://nedrug.mfds.go.kr/pbp/CCBBB01/getItemDetail?itemSeq=200709701,2026-06-12,True
200803517,가브스메트정50/1000밀리그램,가브스메트정50/1000밀리그램,메트포르민,,비구아나이드(당뇨),12,1,비타민B12,허가사항,https://nedrug.mfds.go.kr/pbp/CCBBB01/getItemDetail?itemSeq=200709701,2026-06-12,True
201206684,가브스메트정50/500밀리그램,가브스메트정50/500밀리그램,메트포르민,,비구아나이드(당뇨),12,1,비타민B12,허가사항,https://nedrug.mfds.go.kr/pbp/CCBBB01/getItemDetail?itemSeq=200709701,2026-06-12,True
200803516,가브스메트정50/850밀리그램,가브스메트정50/850밀리그램,메트포르민,,비구아나이드(당뇨),12,1,비타민B12,허가사항,https://nedrug.mfds.go.kr/pbp/CCBBB01/getItemDetail?itemSeq=200709701,2026-06-12,True
202107111,가블리메트정,가블리메트정,메트포르민,,비구아나이드(당뇨),12,1,비타민B12,허가사항,https://nedrug.mfds.go.kr/pbp/CCBBB01/getItemDetail?itemSeq=200709701,2026-06-12,True
201107514,게리드엠정,게리드엠정,메트포르민,,비구아나이드(당뇨),12,1,비타민B12,허가사항,https://nedrug.mfds.go.kr/pbp/CCBBB01/getItemDetail?itemSeq=200709701,2026-06-12,True
201107221,게리메트정2/500밀리그램,게리메트정2/500밀리그램,메트포르민,,비구아나이드(당뇨),12,1,비타민B12,허가사항,https://nedrug.mfds.go.kr/pbp/CCBBB01/getItemDetail?itemSeq=200709701,2026-06-12,True
202200318,광동메포시타정50/1000밀리그램,광동메포시타정50/1000밀리그램,메트포르민,,비구아나이드(당뇨),12,1,비타민B12,허가사항,https://nedrug.mfds.go.kr/pbp/CCBBB01/getItemDetail?itemSeq=200709701,2026-06-12,True
202200317,광동메포시타정50/500밀리그램,광동메포시타정50/500밀리그램,메트포르민,,비구아나이드(당뇨),12,1,비타민B12,허가사항,https://nedrug.mfds.go.kr/pbp/CCBBB01/getItemDetail?itemSeq=200709701,2026-06-12,True
202200316,광동메포시타정50/850밀리그램,광동메포시타정50/850밀리그램,메트포르민,,비구아나이드(당뇨),12,1,비타민B12,허가사항,https://nedrug.mfds.go.kr/pbp/CCBBB01/getItemDetail?itemSeq=200709701,2026-06-12,True
199502215,구루메포민정500mg(메트포르민염산염),구루메포민정500mg(메트포르민염산염),메트포르민,,비구아나이드(당뇨),12,1,비타민B12,허가사항,https://nedrug.mfds.go.kr/pbp/CCBBB01/getItemDetail?itemSeq=200709701,2026-06-11,True
201308664,"그루리스엠정(글리메피리드,메트포르민염산염)","그루리스엠정(글리메피리드,메트포르민염산염)",메트포르민,,비구아나이드(당뇨),12,1,비타민B12,허가사항,https://nedrug.mfds.go.kr/pbp/CCBBB01/getItemDetail?itemSeq=200709701,2026-06-12,True
201106782,그리마린엠정2/500밀리그램,그리마린엠정2/500밀리그램,메트포르민,,비구아나이드(당뇨),12,1,비타민B12,허가사항,https://nedrug.mfds.go.kr/pbp/CCBBB01/getItemDetail?itemSeq=200709701,2026-06-12,True
201206847,그리메폴서방정2/500밀리그램,그리메폴서방정2/500밀리그램,메트포르민,,비구아나이드(당뇨),12,1,비타민B12,허가사항,https://nedrug.mfds.go.kr/pbp/CCBBB01/getItemDetail?itemSeq=200709701,2026-06-12,True
201402049,그리코민서방정500밀리그램(메트포르민염산염),그리코민서방정500밀리그램(메트포르민염산염),메트포르민,,비구아나이드(당뇨),12,1,비타민B12,허가사항,https://nedrug.mfds.go.kr/pbp/CCBBB01/getItemDetail?itemSeq=200709701,2026-06-11,True
199301512,그리코민정(메트포르민염산염),그리코민정(메트포르민염산염),메트포르민,,비구아나이드(당뇨),12,1,비타민B12,허가사항,https://nedrug.mfds.go.kr/pbp/CCBBB01/getItemDetail?itemSeq=200709701,2026-06-11,True
199701437,그린페지정(메트포르민염산염),그린페지정(메트포르민염산염),메트포르민,,비구아나이드(당뇨),12,1,비타민B12,허가사항,https://nedrug.mfds.go.kr/pbp/CCBBB01/getItemDetail?itemSeq=200709701,2026-06-11,True
200607691,글라비스서방정500밀리그람(메트포르민염산염),글라비스서방정500밀리그람(메트포르민염산염),메트포르민,,비구아나이드(당뇨),12,1,비타민B12,허가사항,https://nedrug.mfds.go.kr/pbp/CCBBB01/getItemDetail?itemSeq=200709701,2026-06-11,True
200400304,글라비스정(메트포르민염산염),글라비스정(메트포르민염산염),메트포르민,,비구아나이드(당뇨),12,1,비타민B12,허가사항,https://nedrug.mfds.go.kr/pbp/CCBBB01/getItemDetail?itemSeq=200709701,2026-06-11,True
202001548,글라비스정1000밀리그램(메트포르민염산염),글라비스정1000밀리그램(메트포르민염산염),메트포르민,,비구아나이드(당뇨),12,1,비타민B12,허가사항,https://nedrug.mfds.go.kr/pbp/CCBBB01/getItemDetail?itemSeq=200709701,2026-06-11,True
201107226,글라포민엠정1/250 밀리그램,글라포민엠정1/250 밀리그램,메트포르민,,비구아나이드(당뇨),12,1,비타민B12,허가사항,https://nedrug.mfds.go.kr/pbp/CCBBB01/getItemDetail?itemSeq=200709701,2026-06-12,True
201107227,글라포민엠정1/500밀리그램,글라포민엠정1/500밀리그램,메트포르민,,비구아나이드(당뇨),12,1,비타민B12,허가사항,https://nedrug.mfds.go.kr/pbp/CCBBB01/getItemDetail?itemSeq=200709701,2026-06-12,True
201106982,글라포민엠정2/500밀리그램,글라포민엠정2/500밀리그램,메트포르민,,비구아나이드(당뇨),12,1,비타민B12,허가사항,https://nedrug.mfds.go.kr/pbp/CCBBB01/getItemDetail?itemSeq=200709701,2026-06-12,True
201107204,글레딘엠정2/500밀리그램,글레딘엠정2/500밀리그램,메트포르민,,비구아나이드(당뇨),12,1,비타민B12,허가사항,https://nedrug.mfds.go.kr/pbp/CCBBB01/getItemDetail?itemSeq=200709701,2026-06-12,True
202400626,"글레린듀오서방정2.5/1000밀리그램(리나글립틴,메트포르민)","글레린듀오서방정2.5/1000밀리그램(리나글립틴,메트포르민)",메트포르민,,비구아나이드(당뇨),12,1,비타민B12,허가사항,https://nedrug.mfds.go.kr/pbp/CCBBB01/getItemDetail?itemSeq=200709701,2026-06-12,True
202400627,"글레린듀오서방정5/1000밀리그램(리나글립틴,메트포르민)","글레린듀오서방정5/1000밀리그램(리나글립틴,메트포르민)",메트포르민,,비구아나이드(당뇨),12,1,비타민B12,허가사항,https://nedrug.mfds.go.kr/pbp/CCBBB01/getItemDetail?itemSeq=200709701,2026-06-12,True
201107273,글레아정2/500밀리그램,글레아정2/500밀리그램,메트포르민,,비구아나이드(당뇨),12,1,비타민B12,허가사항,https://nedrug.mfds.go.kr/pbp/CCBBB01/getItemDetail?itemSeq=200709701,2026-06-12,True
202300608,글로시타포민서방정100/1000밀리그램,글로시타포민서방정100/1000밀리그램,메트포르민,,비구아나이드(당뇨),12,1,비타민B12,허가사항,https://nedrug.mfds.go.kr/pbp/CCBBB01/getItemDetail?itemSeq=200709701,2026-06-12,True
202300607,글로시타포민서방정50/1000밀리그램,글로시타포민서방정50/1000밀리그램,메트포르민,,비구아나이드(당뇨),12,1,비타민B12,허가사항,https://nedrug.mfds.go.kr/pbp/CCBBB01/getItemDetail?itemSeq=200709701,2026-06-12,True
202300606,글로시타포민서방정50/500밀리그램,글로시타포민서방정50/500밀리그램,메트포르민,,비구아나이드(당뇨),12,1,비타민B12,허가사항,https://nedrug.mfds.go.kr/pbp/CCBBB01/getItemDetail?itemSeq=200709701,2026-06-12,True
202300845,글로시타포민정50/1000밀리그램,글로시타포민정50/1000밀리그램,메트포르민,,비구아나이드(당뇨),12,1,비타민B12,허가사항,https://nedrug.mfds.go.kr/pbp/CCBBB01/getItemDetail?itemSeq=200709701,2026-06-12,True
202300847,글로시타포민정50/500밀리그램,글로시타포민정50/500밀리그램,메트포르민,,비구아나이드(당뇨),12,1,비타민B12,허가사항,https://nedrug.mfds.go.kr/pbp/CCBBB01/getItemDetail?itemSeq=200709701,2026-06-12,True
202300846,글로시타포민정50/850밀리그램,글로시타포민정50/850밀리그램,메트포르민,,비구아나이드(당뇨),12,1,비타민B12,허가사항,https://nedrug.mfds.go.kr/pbp/CCBBB01/getItemDetail?itemSeq=200709701,2026-06-12,True
201206668,글로엠정,글로엠정,메트포르민,,비구아나이드(당뇨),12,1,비타민B12,허가사항,https://nedrug.mfds.go.kr/pbp/CCBBB01/getItemDetail?itemSeq=200709701,2026-06-12,True
202001276,"글로틴듀오정2.5/1000mg(리나글립틴, 메트포르민염산염)","글로틴듀오정2.5/1000mg(리나글립틴, 메트포르민염산염)",메트포르민,,비구아나이드(당뇨),12,1,비타민B12,허가사항,https://nedrug.mfds.go.kr/pbp/CCBBB01/getItemDetail?itemSeq=200709701,2026-06-12,True
202001274,"글로틴듀오정2.5/500mg(리나글립틴, 메트포르민염산염)","글로틴듀오정2.5/500mg(리나글립틴, 메트포르민염산염)",메트포르민,,비구아나이드(당뇨),12,1,비타민B12,허가사항,https://nedrug.mfds.go.kr/pbp/CCBBB01/getItemDetail?itemSeq=200709701,2026-06-12,True
202001275,"글로틴듀오정2.5/850mg(리나글립틴, 메트포르민염산염)","글로틴듀오정2.5/850mg(리나글립틴, 메트포르민염산염)",메트포르민,,비구아나이드(당뇨),12,1,비타민B12,허가사항,https://nedrug.mfds.go.kr/pbp/CCBBB01/getItemDetail?itemSeq=200709701,2026-06-12,True
201206681,글로포민서방정(메트포르민염산염),글로포민서방정(메트포르민염산염),메트포르민,,비구아나이드(당뇨),12,1,비타민B12,허가사항,https://nedrug.mfds.go.kr/pbp/CCBBB01/getItemDetail?itemSeq=200709701,2026-06-11,True
200307866,글루리아드정500/2.5밀리그람,글루리아드정500/2.5밀리그람,메트포르민,,비구아나이드(당뇨),12,1,비타민B12,허가사항,https://nedrug.mfds.go.kr/pbp/CCBBB01/getItemDetail?itemSeq=200709701,2026-06-12,True
200307867,글루리아드정500/5밀리그람,글루리아드정500/5밀리그람,메트포르민,,비구아나이드(당뇨),12,1,비타민B12,허가사항,https://nedrug.mfds.go.kr/pbp/CCBBB01/getItemDetail?itemSeq=200709701,2026-06-12,True
202400663,"글루립틴듀오엑스알서방정2.5/1000밀리그램(리나글립틴,메트포르민염산염)","글루립틴듀오엑스알서방정2.5/1000밀리그램(리나글립틴,메트포르민염산염)",메트포르민,,비구아나이드(당뇨),12,1,비타민B12,허가사항,https://nedrug.mfds.go.kr/pbp/CCBBB01/getItemDetail?itemSeq=200709701,2026-06-12,True
202400662,"글루립틴듀오엑스알서방정5/1000밀리그램(리나글립틴,메트포르민염산염)","글루립틴듀오엑스알서방정5/1000밀리그램(리나글립틴,메트포르민염산염)",메트포르민,,비구아나이드(당뇨),12,1,비타민B12,허가사항,https://nedrug.mfds.go.kr/pbp/CCBBB01/getItemDetail?itemSeq=200709701,2026-06-12,True
200400817,글루메트정(메트포르민염산염),글루메트정(메트포르민염산염),메트포르민,,비구아나이드(당뇨),12,1,비타민B12,허가사항,https://nedrug.mfds.go.kr/pbp/CCBBB01/getItemDetail?itemSeq=200709701,2026-06-11,True
201106952,글루비엠정2/500밀리그램,글루비엠정2/500밀리그램,메트포르민,,비구아나이드(당뇨),12,1,비타민B12,허가사항,https://nedrug.mfds.go.kr/pbp/CCBBB01/getItemDetail?itemSeq=200709701,2026-06-12,True
201400115,글루세라서방정500mg(메트포르민염산염),글루세라서방정500mg(메트포르민염산염),메트포르민,,비구아나이드(당뇨),12,1,비타민B12,허가사항,https://nedrug.mfds.go.kr/pbp/CCBBB01/getItemDetail?itemSeq=200709701,2026-06-12,True
200001344,글루세라정500밀리그램(메트포르민염산염),글루세라정500밀리그램(메트포르민염산염),메트포르민,,비구아나이드(당뇨),12,1,비타민B12,허가사항,https://nedrug.mfds.go.kr/pbp/CCBBB01/getItemDetail?itemSeq=200709701,2026-06-11,True
202202020,글루시타듀오서방정100/1000밀리그램,글루시타듀오서방정100/1000밀리그램,메트포르민,,비구아나이드(당뇨),12,1,비타민B12,허가사항,https://nedrug.mfds.go.kr/pbp/CCBBB01/getItemDetail?itemSeq=200709701,2026-06-12,True
202202019,글루시타듀오서방정50/1000밀리그램,글루시타듀오서방정50/1000밀리그램,메트포르민,,비구아나이드(당뇨),12,1,비타민B12,허가사항,https://nedrug.mfds.go.kr/pbp/CCBBB01/getItemDetail?itemSeq=200709701,2026-06-12,True
202202018,글루시타듀오서방정50/500밀리그램,글루시타듀오서방정50/500밀리그램,메트포르민,,비구아나이드(당뇨),12,1,비타민B12,허가사항,https://nedrug.mfds.go.kr/pbp/CCBBB01/getItemDetail?itemSeq=200709701,2026-06-12,True
202204575,글루시타듀오정50/1000밀리그램,글루시타듀오정50/1000밀리그램,메트포르민,,비구아나이드(당뇨),12,1,비타민B12,허가사항,https://nedrug.mfds.go.kr/pbp/CCBBB01/getItemDetail?itemSeq=200709701,2026-06-12,True
202204577,글루시타듀오정50/500밀리그램,글루시타듀오정50/500밀리그램,메트포르민,,비구아나이드(당뇨),12,1,비타민B12,허가사항,https://nedrug.mfds.go.kr/pbp/CCBBB01/getItemDetail?itemSeq=200709701,2026-06-12,True
202204576,글루시타듀오정50/850밀리그램,글루시타듀오정50/850밀리그램,메트포르민,,비구아나이드(당뇨),12,1,비타민B12,허가사항,https://nedrug.mfds.go.kr/pbp/CCBBB01/getItemDetail?itemSeq=200709701,2026-06-12,True
201402909,글루엠서방정(메트포르민염산염),글루엠서방정(메트포르민염산염),메트포르민,,비구아나이드(당뇨),12,1,비타민B12,허가사항,https://nedrug.mfds.go.kr/pbp/CCBBB01/getItemDetail?itemSeq=200709701,2026-06-12,True
198500241,글루코닐정(메트포르민염산염),글루코닐정(메트포르민염산염),메트포르민,,비구아나이드(당뇨),12,1,비타민B12,허가사항,https://nedrug.mfds.go.kr/pbp/CCBBB01/getItemDetail?itemSeq=200709701,2026-06-12,True
201604291,글루코다운정1000밀리그램(메트포르민염산염),글루코다운정1000밀리그램(메트포르민염산염),메트포르민,,비구아나이드(당뇨),12,1,비타민B12,허가사항,https://nedrug.mfds.go.kr/pbp/CCBBB01/getItemDetail?itemSeq=200709701,2026-06-12,True
201604290,글루코다운정250밀리그램(메트포르민염산염),글루코다운정250밀리그램(메트포르민염산염),메트포르민,,비구아나이드(당뇨),12,1,비타민B12,허가사항,https://nedrug.mfds.go.kr/pbp/CCBBB01/getItemDetail?itemSeq=200709701,2026-06-12,True
200400361,글루코다운정500밀리그램(메트포르민염산염),글루코다운정500밀리그램(메트포르민염산염),메트포르민,,비구아나이드(당뇨),12,1,비타민B12,허가사항,https://nedrug.mfds.go.kr/pbp/CCBBB01/getItemDetail?itemSeq=200709701,2026-06-12,True
200307793,글루코반스정500/2.5밀리그램,글루코반스정500/2.5밀리그램,메트포르민,,비구아나이드(당뇨),12,1,비타민B12,허가사항,https://nedrug.mfds.go.kr/pbp/CCBBB01/getItemDetail?itemSeq=200709701,2026-06-12,True
200307794,글루코반스정500/5밀리그램,글루코반스정500/5밀리그램,메트포르민,,비구아나이드(당뇨),12,1,비타민B12,허가사항,https://nedrug.mfds.go.kr/pbp/CCBBB01/getItemDetail?itemSeq=200709701,2026-06-12,True
200301345,글루코젠정500밀리그램(메트포르민염산염),글루코젠정500밀리그램(메트포르민염산염),메트포르민,,비구아나이드(당뇨),12,1,비타민B12,허가사항,https://nedrug.mfds.go.kr/pbp/CCBBB01/getItemDetail?itemSeq=200709701,2026-06-12,True
201002150,글루코파지엑스알1000밀리그램서방정(메트포르민염산염),글루코파지엑스알1000밀리그램서방정(메트포르민염산염),메트포르민,,비구아나이드(당뇨),12,1,비타민B12,허가사항,https://nedrug.mfds.go.kr/pbp/CCBBB01/getItemDetail?itemSeq=200709701,2026-06-12,True
200511029,글루코파지엑스알서방정(메트포르민염산염),글루코파지엑스알서방정(메트포르민염산염),메트포르민,,비구아나이드(당뇨),12,1,비타민B12,허가사항,https://nedrug.mfds.go.kr/pbp/CCBBB01/getItemDetail?itemSeq=200709701,2026-06-12,True
200807809,글루코파지정1000밀리그램(메트포르민염산염),글루코파지정1000밀리그램(메트포르민염산염),메트포르민,,비구아나이드(당뇨),12,1,비타민B12,허가사항,https://nedrug.mfds.go.kr/pbp/CCBBB01/getItemDetail?itemSeq=200709701,2026-06-12,True
200401014,글루코파지정250밀리그램(메트포르민염산염),글루코파지정250밀리그램(메트포르민염산염),메트포르민,,비구아나이드(당뇨),12,1,비타민B12,허가사항,https://nedrug.mfds.go.kr/pbp/CCBBB01/getItemDetail?itemSeq=200709701,2026-06-12,True
200401015,글루코파지정500밀리그램(메트포르민염산염),글루코파지정500밀리그램(메트포르민염산염),메트포르민,,비구아나이드(당뇨),12,1,비타민B12,허가사항,https://nedrug.mfds.go.kr/pbp/CCBBB01/getItemDetail?itemSeq=200709701,2026-06-12,True
201701004,글루코프리서방정1000밀리그램(메트포르민염산염),글루코프리서방정1000밀리그램(메트포르민염산염),메트포르민,,비구아나이드(당뇨),12,1,비타민B12,허가사항,https://nedrug.mfds.go.kr/pbp/CCBBB01/getItemDetail?itemSeq=200709701,2026-06-12,True
200701403,글루코프리서방정500밀리그램(메트포르민염산염),글루코프리서방정500밀리그램(메트포르민염산염),메트포르민,,비구아나이드(당뇨),12,1,비타민B12,허가사항,https://nedrug.mfds.go.kr/pbp/CCBBB01/getItemDetail?itemSeq=200709701,2026-06-12,True
200802053,글루코프리서방정750밀리그램(메트포르민염산염),글루코프리서방정750밀리그램(메트포르민염산염),메트포르민,,비구아나이드(당뇨),12,1,비타민B12,허가사항,https://nedrug.mfds.go.kr/pbp/CCBBB01/getItemDetail?itemSeq=200709701,2026-06-12,True
201907031,글루테니어정500mg(메트포르민염산염),글루테니어정500mg(메트포르민염산염),메트포르민,,비구아나이드(당뇨),12,1,비타민B12,허가사항,https://nedrug.mfds.go.kr/pbp/CCBBB01/getItemDetail?itemSeq=200709701,2026-06-12,True
201206761,글루파민서방정500밀리그램(메트포르민염산염),글루파민서방정500밀리그램(메트포르민염산염),메트포르민,,비구아나이드(당뇨),12,1,비타민B12,허가사항,https://nedrug.mfds.go.kr/pbp/CCBBB01/getItemDetail?itemSeq=200709701,2026-06-12,True
202000161,글루파엑스알서방정1000밀리그램(메트포르민염산염),글루파엑스알서방정1000밀리그램(메트포르민염산염),메트포르민,,비구아나이드(당뇨),12,1,비타민B12,허가사항,https://nedrug.mfds.go.kr/pbp/CCBBB01/getItemDetail?itemSeq=200709701,2026-06-12,True
202301018,글루파엑스알서방정500밀리그램(메트포르민염산염),글루파엑스알서방정500밀리그램(메트포르민염산염),메트포르민,,비구아나이드(당뇨),12,1,비타민B12,허가사항,https://nedrug.mfds.go.kr/pbp/CCBBB01/getItemDetail?itemSeq=200709701,2026-06-12,True
202104996,글루파엑스알서방정850밀리그램(메트포르민염산염),글루파엑스알서방정850밀리그램(메트포르민염산염),메트포르민,,비구아나이드(당뇨),12,1,비타민B12,허가사항,https://nedrug.mfds.go.kr/pbp/CCBBB01/getItemDetail?itemSeq=200709701,2026-06-12,True
200101317,"글루파정1,000㎎(메트포르민염산염)","글루파정1,000㎎(메트포르민염산염)",메트포르민,,비구아나이드(당뇨),12,1,비타민B12,허가사항,https://nedrug.mfds.go.kr/pbp/CCBBB01/getItemDetail?itemSeq=200709701,2026-06-12,True
200401527,글루파정250mg(메트포르민염산염),글루파정250mg(메트포르민염산염),메트포르민,,비구아나이드(당뇨),12,1,비타민B12,허가사항,https://nedrug.mfds.go.kr/pbp/CCBBB01/getItemDetail?itemSeq=200709701,2026-06-12,True
200301119,글루파정500mg(메트포르민염산염),글루파정500mg(메트포르민염산염),메트포르민,,비구아나이드(당뇨),12,1,비타민B12,허가사항,https://nedrug.mfds.go.kr/pbp/CCBBB01/getItemDetail?itemSeq=200709701,2026-06-12,True
200101309,글루파정850mg(메트포르민염산염),글루파정850mg(메트포르민염산염),메트포르민,,비구아나이드(당뇨),12,1,비타민B12,허가사항,https://nedrug.mfds.go.kr/pbp/CCBBB01/getItemDetail?itemSeq=200709701,2026-06-12,True
200708031,글루파콤비정500/80mg,글루파콤비정500/80mg,메트포르민,,비구아나이드(당뇨),12,1,비타민B12,허가사항,https://nedrug.mfds.go.kr/pbp/CCBBB01/getItemDetail?itemSeq=200709701,2026-06-12,True
201500899,글루펜엠정,글루펜엠정,메트포르민,,비구아나이드(당뇨),12,1,비타민B12,허가사항,https://nedrug.mfds.go.kr/pbp/CCBBB01/getItemDetail?itemSeq=200709701,2026-06-12,True
201906865,글루포민서방정500mg(메트포르민염산염),글루포민서방정500mg(메트포르민염산염),메트포르민,,비구아나이드(당뇨),12,1,비타민B12,허가사항,https://nedrug.mfds.go.kr/pbp/CCBBB01/getItemDetail?itemSeq=200709701,2026-06-12,True
201107513,"글루폴민정2/500밀리그램(글리메피리드, 메트포르민염산염)","글루폴민정2/500밀리그램(글리메피리드, 메트포르민염산염)",메트포르민,,비구아나이드(당뇨),12,1,비타민B12,허가사항,https://nedrug.mfds.go.kr/pbp/CCBBB01/getItemDetail?itemSeq=200709701,2026-06-12,True
200607743,글리렙서방정 (메트포르민염산염),글리렙서방정 (메트포르민염산염),메트포르민,,비구아나이드(당뇨),12,1,비타민B12,허가사항,https://nedrug.mfds.go.kr/pbp/CCBBB01/getItemDetail?itemSeq=200709701,2026-06-12,True
201109149,글리마릴엠정2/500밀리그램,글리마릴엠정2/500밀리그램,메트포르민,,비구아나이드(당뇨),12,1,비타민B12,허가사항,https://nedrug.mfds.go.kr/pbp/CCBBB01/getItemDetail?itemSeq=200709701,2026-06-12,True
201107530,글리매핀엠정2/500밀리그램,글리매핀엠정2/500밀리그램,메트포르민,,비구아나이드(당뇨),12,1,비타민B12,허가사항,https://nedrug.mfds.go.kr/pbp/CCBBB01/getItemDetail?itemSeq=200709701,2026-06-12,True
201106950,글리메드엠정2/500밀리그램,글리메드엠정2/500밀리그램,메트포르민,,비구아나이드(당뇨),12,1,비타민B12,허가사항,https://nedrug.mfds.go.kr/pbp/CCBBB01/getItemDetail?itemSeq=200709701,2026-06-12,True
201107234,글리메론정,글리메론정,메트포르민,,비구아나이드(당뇨),12,1,비타민B12,허가사항,https://nedrug.mfds.go.kr/pbp/CCBBB01/getItemDetail?itemSeq=200709701,2026-06-12,True
201107173,글리메릴엠정,글리메릴엠정,메트포르민,,비구아나이드(당뇨),12,1,비타민B12,허가사항,https://nedrug.mfds.go.kr/pbp/CCBBB01/getItemDetail?itemSeq=200709701,2026-06-12,True
201107543,글리메엠정1/250밀리그램,글리메엠정1/250밀리그램,메트포르민,,비구아나이드(당뇨),12,1,비타민B12,허가사항,https://nedrug.mfds.go.kr/pbp/CCBBB01/getItemDetail?itemSeq=200709701,2026-06-12,True
201107516,글리메엠정2/500밀리그램,글리메엠정2/500밀리그램,메트포르민,,비구아나이드(당뇨),12,1,비타민B12,허가사항,https://nedrug.mfds.go.kr/pbp/CCBBB01/getItemDetail?itemSeq=200709701,2026-06-12,True
201900246,글리메윈플러스정,글리메윈플러스정,메트포르민,,비구아나이드(당뇨),12,1,비타민B12,허가사항,https://nedrug.mfds.go.kr/pbp/CCBBB01/getItemDetail?itemSeq=200709701,2026-06-12,True
202301975,"글리메자큐정50/1000밀리그램(시타글립틴,메트포르민)","글리메자큐정50/1000밀리그램(시타글립틴,메트포르민)",메트포르민,,비구아나이드(당뇨),12,1,비타민B12,허가사항,https://nedrug.mfds.go.kr/pbp/CCBBB01/getItemDetail?itemSeq=200709701,2026-06-12,True
202301973,"글리메자큐정50/500밀리그램(시타글립틴,메트포르민)","글리메자큐정50/500밀리그램(시타글립틴,메트포르민)",메트포르민,,비구아나이드(당뇨),12,1,비타민B12,허가사항,https://nedrug.mfds.go.kr/pbp/CCBBB01/getItemDetail?itemSeq=200709701,2026-06-12,True
202301974,"글리메자큐정50/850밀리그램(시타글립틴,메트포르민)","글리메자큐정50/850밀리그램(시타글립틴,메트포르민)",메트포르민,,비구아나이드(당뇨),12,1,비타민B12,허가사항,https://nedrug.mfds.go.kr/pbp/CCBBB01/getItemDetail?itemSeq=200709701,2026-06-12,True
201107526,글리멜엠정1/250밀리그램,글리멜엠정1/250밀리그램,메트포르민,,비구아나이드(당뇨),12,1,비타민B12,허가사항,https://nedrug.mfds.go.kr/pbp/CCBBB01/getItemDetail?itemSeq=200709701,2026-06-12,True
201107272,글리멜엠정2/500밀리그램,글리멜엠정2/500밀리그램,메트포르민,,비구아나이드(당뇨),12,1,비타민B12,허가사항,https://nedrug.mfds.go.kr/pbp/CCBBB01/getItemDetail?itemSeq=200709701,2026-06-12,True
201107515,글리미드엠정,글리미드엠정,메트포르민,,비구아나이드(당뇨),12,1,비타민B12,허가사항,https://nedrug.mfds.go.kr/pbp/CCBBB01/getItemDetail?itemSeq=200709701,2026-06-12,True
201905506,글리밀엠정2/500mg,글리밀엠정2/500mg,메트포르민,,비구아나이드(당뇨),12,1,비타민B12,허가사항,https://nedrug.mfds.go.kr/pbp/CCBBB01/getItemDetail?itemSeq=200709701,2026-06-12,True
201107512,글리베타엠정,글리베타엠정,메트포르민,,비구아나이드(당뇨),12,1,비타민B12,허가사항,https://nedrug.mfds.go.kr/pbp/CCBBB01/getItemDetail?itemSeq=200709701,2026-06-12,True
201801420,글리스타엠정,글리스타엠정,메트포르민,,비구아나이드(당뇨),12,1,비타민B12,허가사항,https://nedrug.mfds.go.kr/pbp/CCBBB01/getItemDetail?itemSeq=200709701,2026-06-12,True
202201954,글리시타메트엑스알서방정100/1000밀리그램,글리시타메트엑스알서방정100/1000밀리그램,메트포르민,,비구아나이드(당뇨),12,1,비타민B12,허가사항,https://nedrug.mfds.go.kr/pbp/CCBBB01/getItemDetail?itemSeq=200709701,2026-06-12,True
202201953,글리시타메트엑스알서방정50/1000밀리그램,글리시타메트엑스알서방정50/1000밀리그램,메트포르민,,비구아나이드(당뇨),12,1,비타민B12,허가사항,https://nedrug.mfds.go.kr/pbp/CCBBB01/getItemDetail?itemSeq=200709701,2026-06-12,True
202201952,글리시타메트엑스알서방정50/500밀리그램,글리시타메트엑스알서방정50/500밀리그램,메트포르민,,비구아나이드(당뇨),12,1,비타민B12,허가사항,https://nedrug.mfds.go.kr/pbp/CCBBB01/getItemDetail?itemSeq=200709701,2026-06-12,True
202204581,글리시타메트정50/1000밀리그램,글리시타메트정50/1000밀리그램,메트포르민,,비구아나이드(당뇨),12,1,비타민B12,허가사항,https://nedrug.mfds.go.kr/pbp/CCBBB01/getItemDetail?itemSeq=200709701,2026-06-12,True
202204580,글리시타메트정50/500밀리그램,글리시타메트정50/500밀리그램,메트포르민,,비구아나이드(당뇨),12,1,비타민B12,허가사항,https://nedrug.mfds.go.kr/pbp/CCBBB01/getItemDetail?itemSeq=200709701,2026-06-12,True
202204579,글리시타메트정50/850밀리그램,글리시타메트정50/850밀리그램,메트포르민,,비구아나이드(당뇨),12,1,비타민B12,허가사항,https://nedrug.mfds.go.kr/pbp/CCBBB01/getItemDetail?itemSeq=200709701,2026-06-12,True
202201391,"글리앙듀오정5/1000밀리그램(엠파글리플로진, 메트포르민염산염)","글리앙듀오정5/1000밀리그램(엠파글리플로진, 메트포르민염산염)",메트포르민,,비구아나이드(당뇨),12,1,비타민B12,허가사항,https://nedrug.mfds.go.kr/pbp/CCBBB01/getItemDetail?itemSeq=200709701,2026-06-12,True
202201389,"글리앙듀오정5/500밀리그램(엠파글리플로진, 메트포르민염산염)","글리앙듀오정5/500밀리그램(엠파글리플로진, 메트포르민염산염)",메트포르민,,비구아나이드(당뇨),12,1,비타민B12,허가사항,https://nedrug.mfds.go.kr/pbp/CCBBB01/getItemDetail?itemSeq=200709701,2026-06-12,True
202201390,"글리앙듀오정5/850밀리그램(엠파글리플로진, 메트포르민염산염)","글리앙듀오정5/850밀리그램(엠파글리플로진, 메트포르민염산염)",메트포르민,,비구아나이드(당뇨),12,1,비타민B12,허가사항,https://nedrug.mfds.go.kr/pbp/CCBBB01/getItemDetail?itemSeq=200709701,2026-06-12,True
201107274,글리엠정2/500밀리그램,글리엠정2/500밀리그램,메트포르민,,비구아나이드(당뇨),12,1,비타민B12,허가사항,https://nedrug.mfds.go.kr/pbp/CCBBB01/getItemDetail?itemSeq=200709701,2026-06-12,True
201902225,글리젠타듀오정2.5/850밀리그램,글리젠타듀오정2.5/850밀리그램,메트포르민,,비구아나이드(당뇨),12,1,비타민B12,허가사항,https://nedrug.mfds.go.kr/pbp/CCBBB01/getItemDetail?itemSeq=200709701,2026-06-12,True
200709701,바이포민서방정500mg,바이포민서방정500mg,메트포르민,,비구아나이드(당뇨),12,1,비타민B12,허가사항,https://nedrug.mfds.go.kr/pbp/CCBBB01/getItemDetail?itemSeq=200709701,2026-06-12,True
201402438,리목스정400mg,리목스정400mg,목시플록사신,,플루오로퀴놀론계 항생제,24;25,2,철분;마그네슘,허가사항,https://nedrug.mfds.go.kr/pbp/CCBBB01/getItemDetail?itemSeq=201402438,2026-06-12,True
201309618,모록사신정400밀리그램,모록사신정400밀리그램,목시플록사신,,플루오로퀴놀론계 항생제,24;25,2,철분;마그네슘,허가사항,https://nedrug.mfds.go.kr/pbp/CCBBB01/getItemDetail?itemSeq=201402438,2026-06-11,True
201310000,모벨록신정400밀리그램(목시플록사신염산염),모벨록신정400밀리그램(목시플록사신염산염),목시플록사신,,플루오로퀴놀론계 항생제,24;25,2,철분;마그네슘,허가사항,https://nedrug.mfds.go.kr/pbp/CCBBB01/getItemDetail?itemSeq=201402438,2026-06-11,True
199906848,아벨록스정400밀리그람(목시플록사신염산염),아벨록스정400밀리그람(목시플록사신염산염),목시플록사신,,플루오로퀴놀론계 항생제,24;25,2,철분;마그네슘,허가사항,https://nedrug.mfds.go.kr/pbp/CCBBB01/getItemDetail?itemSeq=201402438,2026-06-11,True
201406133,조이록신정400밀리그램(목시플록사신염산염),조이록신정400밀리그램(목시플록사신염산염),목시플록사신,,플루오로퀴놀론계 항생제,24;25,2,철분;마그네슘,허가사항,https://nedrug.mfds.go.kr/pbp/CCBBB01/getItemDetail?itemSeq=201402438,2026-06-11,True
201201789,퀴녹스정400밀리그램(목시플록사신염산염),퀴녹스정400밀리그램(목시플록사신염산염),목시플록사신,,플루오로퀴놀론계 항생제,24;25,2,철분;마그네슘,허가사항,https://nedrug.mfds.go.kr/pbp/CCBBB01/getItemDetail?itemSeq=201402438,2026-06-11,True
198501028,미노씬캡슐50mg,미노씬캡슐50mg,미노사이클린,,테트라사이클린계 항생제,26;27;28,3,칼슘;철분;마그네슘,허가사항,https://nedrug.mfds.go.kr/pbp/CCBBB01/getItemDetail?itemSeq=198501028,2026-06-12,True
202500078,미노젠캡슐50밀리그램,미노젠캡슐50밀리그램,미노사이클린,,테트라사이클린계 항생제,26;27;28,3,칼슘;철분;마그네슘,허가사항,https://nedrug.mfds.go.kr/pbp/CCBBB01/getItemDetail?itemSeq=198501028,2026-06-11,True
202203142,미노클캡슐50밀리그램(미노사이클린염산염),미노클캡슐50밀리그램(미노사이클린염산염),미노사이클린,,테트라사이클린계 항생제,26;27;28,3,칼슘;철분;마그네슘,허가사항,https://nedrug.mfds.go.kr/pbp/CCBBB01/getItemDetail?itemSeq=198501028,2026-06-11,True
200403053,뉴록사신정(시프로플록사신염산염수화물),뉴록사신정(시프로플록사신염산염수화물),시프로플록사신,,플루오로퀴놀론계 항생제,4;5;6,3,칼슘;철분;마그네슘,허가사항,https://nedrug.mfds.go.kr/pbp/CCBBB01/getItemDetail?itemSeq=199901094,2026-06-11,True
199400540,로프신정250mg(시프로플록사신염산염수화물),로프신정250mg(시프로플록사신염산염수화물),시프로플록사신,,플루오로퀴놀론계 항생제,4;5;6,3,칼슘;철분;마그네슘,허가사항,https://nedrug.mfds.go.kr/pbp/CCBBB01/getItemDetail?itemSeq=199901094,2026-06-11,True
199603455,록신정250밀리그램(시프로플록사신염산염수화물),록신정250밀리그램(시프로플록사신염산염수화물),시프로플록사신,,플루오로퀴놀론계 항생제,4;5;6,3,칼슘;철분;마그네슘,허가사항,https://nedrug.mfds.go.kr/pbp/CCBBB01/getItemDetail?itemSeq=199901094,2026-06-11,True
200201724,메가록신정250밀리그램(시프로플록사신염산염수화물),메가록신정250밀리그램(시프로플록사신염산염수화물),시프로플록사신,,플루오로퀴놀론계 항생제,4;5;6,3,칼슘;철분;마그네슘,허가사항,https://nedrug.mfds.go.kr/pbp/CCBBB01/getItemDetail?itemSeq=199901094,2026-06-11,True
201901582,메가시플록정(시프로플록사신염산염수화물),메가시플록정(시프로플록사신염산염수화물),시프로플록사신,,플루오로퀴놀론계 항생제,4;5;6,3,칼슘;철분;마그네슘,허가사항,https://nedrug.mfds.go.kr/pbp/CCBBB01/getItemDetail?itemSeq=199901094,2026-06-11,True
199602137,미래시프로플록사신정,미래시프로플록사신정,시프로플록사신,,플루오로퀴놀론계 항생제,4;5;6,3,칼슘;철분;마그네슘,허가사항,https://nedrug.mfds.go.kr/pbp/CCBBB01/getItemDetail?itemSeq=199901094,2026-06-11,True
200807647,베아신정250밀리그램(시프로플록사신염산염),베아신정250밀리그램(시프로플록사신염산염),시프로플록사신,,플루오로퀴놀론계 항생제,4;5;6,3,칼슘;철분;마그네슘,허가사항,https://nedrug.mfds.go.kr/pbp/CCBBB01/getItemDetail?itemSeq=199901094,2026-06-11,True
201601711,베아신정500밀리그램(시프로플록사신염산염),베아신정500밀리그램(시프로플록사신염산염),시프로플록사신,,플루오로퀴놀론계 항생제,4;5;6,3,칼슘;철분;마그네슘,허가사항,https://nedrug.mfds.go.kr/pbp/CCBBB01/getItemDetail?itemSeq=199901094,2026-06-11,True
198801052,사이톱신정(시프로플록사신염산염),사이톱신정(시프로플록사신염산염),시프로플록사신,,플루오로퀴놀론계 항생제,4;5;6,3,칼슘;철분;마그네슘,허가사항,https://nedrug.mfds.go.kr/pbp/CCBBB01/getItemDetail?itemSeq=199901094,2026-06-11,True
200000453,삼성시플로프록사신정(시프로플록사신염산염수화물),삼성시플로프록사신정(시프로플록사신염산염수화물),시프로플록사신,,플루오로퀴놀론계 항생제,4;5;6,3,칼슘;철분;마그네슘,허가사항,https://nedrug.mfds.go.kr/pbp/CCBBB01/getItemDetail?itemSeq=199901094,2026-06-11,True
200401235,시록신정250mg(시프로플록사신염산염),시록신정250mg(시프로플록사신염산염),시프로플록사신,,플루오로퀴놀론계 항생제,4;5;6,3,칼슘;철분;마그네슘,허가사항,https://nedrug.mfds.go.kr/pbp/CCBBB01/getItemDetail?itemSeq=199901094,2026-06-11,True
199100750,시폭사신정250밀리그람(시프로플록사신염산염수화물),시폭사신정250밀리그람(시프로플록사신염산염수화물),시프로플록사신,,플루오로퀴놀론계 항생제,4;5;6,3,칼슘;철분;마그네슘,허가사항,https://nedrug.mfds.go.kr/pbp/CCBBB01/getItemDetail?itemSeq=199901094,2026-06-11,True
201402874,시푸로신정(시프로플록사신염산염수화물),시푸로신정(시프로플록사신염산염수화물),시프로플록사신,,플루오로퀴놀론계 항생제,4;5;6,3,칼슘;철분;마그네슘,허가사항,https://nedrug.mfds.go.kr/pbp/CCBBB01/getItemDetail?itemSeq=199901094,2026-06-11,True
201907106,시프라신정250밀리그램(시프로플록사신염산염수화물),시프라신정250밀리그램(시프로플록사신염산염수화물),시프로플록사신,,플루오로퀴놀론계 항생제,4;5;6,3,칼슘;철분;마그네슘,허가사항,https://nedrug.mfds.go.kr/pbp/CCBBB01/getItemDetail?itemSeq=199901094,2026-06-11,True
199901094,시프로민정250밀리그램,시프로민정250밀리그램,시프로플록사신,,플루오로퀴놀론계 항생제,4;5;6,3,칼슘;철분;마그네슘,허가사항,https://nedrug.mfds.go.kr/pbp/CCBBB01/getItemDetail?itemSeq=199901094,2026-06-12,True
202002785,시프로사정(시프로플록사신염산염수화물),시프로사정(시프로플록사신염산염수화물),시프로플록사신,,플루오로퀴놀론계 항생제,4;5;6,3,칼슘;철분;마그네슘,허가사항,https://nedrug.mfds.go.kr/pbp/CCBBB01/getItemDetail?itemSeq=199901094,2026-06-11,True
201505089,시프로신정(시프로플록사신염산염),시프로신정(시프로플록사신염산염),시프로플록사신,,플루오로퀴놀론계 항생제,4;5;6,3,칼슘;철분;마그네슘,허가사항,https://nedrug.mfds.go.kr/pbp/CCBBB01/getItemDetail?itemSeq=199901094,2026-06-11,True
201901777,시프로투정250밀리그램(시프로플록사신염산염수화물),시프로투정250밀리그램(시프로플록사신염산염수화물),시프로플록사신,,플루오로퀴놀론계 항생제,4;5;6,3,칼슘;철분;마그네슘,허가사항,https://nedrug.mfds.go.kr/pbp/CCBBB01/getItemDetail?itemSeq=199901094,2026-06-11,True
201601113,시프록스정(시프로플록사신염산염),시프록스정(시프로플록사신염산염),시프로플록사신,,플루오로퀴놀론계 항생제,4;5;6,3,칼슘;철분;마그네슘,허가사항,https://nedrug.mfds.go.kr/pbp/CCBBB01/getItemDetail?itemSeq=199901094,2026-06-11,True
201508296,시프록신정(시프로플록사신염산염수화물),시프록신정(시프로플록사신염산염수화물),시프로플록사신,,플루오로퀴놀론계 항생제,4;5;6,3,칼슘;철분;마그네슘,허가사항,https://nedrug.mfds.go.kr/pbp/CCBBB01/getItemDetail?itemSeq=199901094,2026-06-11,True
201801819,시프사신정250밀리그램(시프로플록사신염산염수화물),시프사신정250밀리그램(시프로플록사신염산염수화물),시프로플록사신,,플루오로퀴놀론계 항생제,4;5;6,3,칼슘;철분;마그네슘,허가사항,https://nedrug.mfds.go.kr/pbp/CCBBB01/getItemDetail?itemSeq=199901094,2026-06-11,True
201901820,시플로뉴정250밀리그램(시프로플록사신염산염수화물),시플로뉴정250밀리그램(시프로플록사신염산염수화물),시프로플록사신,,플루오로퀴놀론계 항생제,4;5;6,3,칼슘;철분;마그네슘,허가사항,https://nedrug.mfds.go.kr/pbp/CCBBB01/getItemDetail?itemSeq=199901094,2026-06-11,True
200404700,시플록신정250밀리그램(시프로플록사신염산염수화물),시플록신정250밀리그램(시프로플록사신염산염수화물),시프로플록사신,,플루오로퀴놀론계 항생제,4;5;6,3,칼슘;철분;마그네슘,허가사항,https://nedrug.mfds.go.kr/pbp/CCBBB01/getItemDetail?itemSeq=199901094,2026-06-11,True
201604019,시플록큐정250mg(시프로플록사신염산염수화물),시플록큐정250mg(시프로플록사신염산염수화물),시프로플록사신,,플루오로퀴놀론계 항생제,4;5;6,3,칼슘;철분;마그네슘,허가사항,https://nedrug.mfds.go.kr/pbp/CCBBB01/getItemDetail?itemSeq=199901094,2026-06-11,True
199202036,신일시프로플록사신염산염수화물정,신일시프로플록사신염산염수화물정,시프로플록사신,,플루오로퀴놀론계 항생제,4;5;6,3,칼슘;철분;마그네슘,허가사항,https://nedrug.mfds.go.kr/pbp/CCBBB01/getItemDetail?itemSeq=199901094,2026-06-11,True
201309509,싸이러스정250밀리그램(시프로플록사신염산염수화물),싸이러스정250밀리그램(시프로플록사신염산염수화물),시프로플록사신,,플루오로퀴놀론계 항생제,4;5;6,3,칼슘;철분;마그네슘,허가사항,https://nedrug.mfds.go.kr/pbp/CCBBB01/getItemDetail?itemSeq=199901094,2026-06-11,True
199401754,싸이로칸정250밀리그램(시프로플록사신염산염수화물),싸이로칸정250밀리그램(시프로플록사신염산염수화물),시프로플록사신,,플루오로퀴놀론계 항생제,4;5;6,3,칼슘;철분;마그네슘,허가사항,https://nedrug.mfds.go.kr/pbp/CCBBB01/getItemDetail?itemSeq=199901094,2026-06-11,True
199202497,싸이스펙정250밀리그램(시프로플록사신염산염),싸이스펙정250밀리그램(시프로플록사신염산염),시프로플록사신,,플루오로퀴놀론계 항생제,4;5;6,3,칼슘;철분;마그네슘,허가사항,https://nedrug.mfds.go.kr/pbp/CCBBB01/getItemDetail?itemSeq=199901094,2026-06-11,True
199000362,싸이신정250밀리그램(시프로플록사신염산염),싸이신정250밀리그램(시프로플록사신염산염),시프로플록사신,,플루오로퀴놀론계 항생제,4;5;6,3,칼슘;철분;마그네슘,허가사항,https://nedrug.mfds.go.kr/pbp/CCBBB01/getItemDetail?itemSeq=199901094,2026-06-11,True
199000363,싸이신정500밀리그램(시프로플록사신염산염),싸이신정500밀리그램(시프로플록사신염산염),시프로플록사신,,플루오로퀴놀론계 항생제,4;5;6,3,칼슘;철분;마그네슘,허가사항,https://nedrug.mfds.go.kr/pbp/CCBBB01/getItemDetail?itemSeq=199901094,2026-06-11,True
201403459,싸이프로신정250mg(시프로플록사신염산염수화물),싸이프로신정250mg(시프로플록사신염산염수화물),시프로플록사신,,플루오로퀴놀론계 항생제,4;5;6,3,칼슘;철분;마그네슘,허가사항,https://nedrug.mfds.go.kr/pbp/CCBBB01/getItemDetail?itemSeq=199901094,2026-06-11,True
199300927,싸이프로정(시프로플록사신염산염),싸이프로정(시프로플록사신염산염),시프로플록사신,,플루오로퀴놀론계 항생제,4;5;6,3,칼슘;철분;마그네슘,허가사항,https://nedrug.mfds.go.kr/pbp/CCBBB01/getItemDetail?itemSeq=199901094,2026-06-11,True
200201509,싸이플록신정100밀리그람(염산시프로플록사신),싸이플록신정100밀리그람(염산시프로플록사신),시프로플록사신,,플루오로퀴놀론계 항생제,4;5;6,3,칼슘;철분;마그네슘,허가사항,https://nedrug.mfds.go.kr/pbp/CCBBB01/getItemDetail?itemSeq=199901094,2026-06-11,True
199601533,싸이플록신정250밀리그램(시프로플록사신염산염수화물),싸이플록신정250밀리그램(시프로플록사신염산염수화물),시프로플록사신,,플루오로퀴놀론계 항생제,4;5;6,3,칼슘;철분;마그네슘,허가사항,https://nedrug.mfds.go.kr/pbp/CCBBB01/getItemDetail?itemSeq=199901094,2026-06-11,True
201903428,싸이플록정250밀리그램(시프로플록사신염산염수화물),싸이플록정250밀리그램(시프로플록사신염산염수화물),시프로플록사신,,플루오로퀴놀론계 항생제,4;5;6,3,칼슘;철분;마그네슘,허가사항,https://nedrug.mfds.go.kr/pbp/CCBBB01/getItemDetail?itemSeq=199901094,2026-06-11,True
201600601,씨록사신정(시프로플록사신염산염수화물),씨록사신정(시프로플록사신염산염수화물),시프로플록사신,,플루오로퀴놀론계 항생제,4;5;6,3,칼슘;철분;마그네슘,허가사항,https://nedrug.mfds.go.kr/pbp/CCBBB01/getItemDetail?itemSeq=199901094,2026-06-11,True
199201214,씨록신정250밀리그램(시프로플록사신염산염수화물),씨록신정250밀리그램(시프로플록사신염산염수화물),시프로플록사신,,플루오로퀴놀론계 항생제,4;5;6,3,칼슘;철분;마그네슘,허가사항,https://nedrug.mfds.go.kr/pbp/CCBBB01/getItemDetail?itemSeq=199901094,2026-06-11,True
199001346,씨록정250밀리그램(시프로플록사신염산염수화물),씨록정250밀리그램(시프로플록사신염산염수화물),시프로플록사신,,플루오로퀴놀론계 항생제,4;5;6,3,칼슘;철분;마그네슘,허가사항,https://nedrug.mfds.go.kr/pbp/CCBBB01/getItemDetail?itemSeq=199901094,2026-06-11,True
201602319,씨록탄정500밀리그램(시프로플록사신염산염수화물),씨록탄정500밀리그램(시프로플록사신염산염수화물),시프로플록사신,,플루오로퀴놀론계 항생제,4;5;6,3,칼슘;철분;마그네슘,허가사항,https://nedrug.mfds.go.kr/pbp/CCBBB01/getItemDetail?itemSeq=199901094,2026-06-12,True
199900995,씨에프정250mg(시프로플록사신염산염),씨에프정250mg(시프로플록사신염산염),시프로플록사신,,플루오로퀴놀론계 항생제,4;5;6,3,칼슘;철분;마그네슘,허가사항,https://nedrug.mfds.go.kr/pbp/CCBBB01/getItemDetail?itemSeq=199901094,2026-06-11,True
201908109,씨큐로바이정(시프로플록사신염산염수화물),씨큐로바이정(시프로플록사신염산염수화물),시프로플록사신,,플루오로퀴놀론계 항생제,4;5;6,3,칼슘;철분;마그네슘,허가사항,https://nedrug.mfds.go.kr/pbp/CCBBB01/getItemDetail?itemSeq=199901094,2026-06-12,True
201500661,씨큐로베이정250밀리그램(시프로플록사신염산염수화물),씨큐로베이정250밀리그램(시프로플록사신염산염수화물),시프로플록사신,,플루오로퀴놀론계 항생제,4;5;6,3,칼슘;철분;마그네슘,허가사항,https://nedrug.mfds.go.kr/pbp/CCBBB01/getItemDetail?itemSeq=199901094,2026-06-11,True
200707894,씨트로정(시프로플록사신염산염수화물),씨트로정(시프로플록사신염산염수화물),시프로플록사신,,플루오로퀴놀론계 항생제,4;5;6,3,칼슘;철분;마그네슘,허가사항,https://nedrug.mfds.go.kr/pbp/CCBBB01/getItemDetail?itemSeq=199901094,2026-06-11,True
201801841,씨티신정(시프로플록사신염산염수화물),씨티신정(시프로플록사신염산염수화물),시프로플록사신,,플루오로퀴놀론계 항생제,4;5;6,3,칼슘;철분;마그네슘,허가사항,https://nedrug.mfds.go.kr/pbp/CCBBB01/getItemDetail?itemSeq=199901094,2026-06-12,True
201403586,씨팍신정250밀리그램(시프로플록사신염산염수화물),씨팍신정250밀리그램(시프로플록사신염산염수화물),시프로플록사신,,플루오로퀴놀론계 항생제,4;5;6,3,칼슘;철분;마그네슘,허가사항,https://nedrug.mfds.go.kr/pbp/CCBBB01/getItemDetail?itemSeq=199901094,2026-06-11,True
199500439,씨프러스정250밀리그램(시프로플록사신염산염),씨프러스정250밀리그램(시프로플록사신염산염),시프로플록사신,,플루오로퀴놀론계 항생제,4;5;6,3,칼슘;철분;마그네슘,허가사항,https://nedrug.mfds.go.kr/pbp/CCBBB01/getItemDetail?itemSeq=199901094,2026-06-11,True
201905731,씨프로바이정250밀리그램(시프로플록사신염산염수화물),씨프로바이정250밀리그램(시프로플록사신염산염수화물),시프로플록사신,,플루오로퀴놀론계 항생제,4;5;6,3,칼슘;철분;마그네슘,허가사항,https://nedrug.mfds.go.kr/pbp/CCBBB01/getItemDetail?itemSeq=199901094,2026-06-12,True
201900299,씨프록정250밀리그램(시프로플록사신염산염수화물),씨프록정250밀리그램(시프로플록사신염산염수화물),시프로플록사신,,플루오로퀴놀론계 항생제,4;5;6,3,칼슘;철분;마그네슘,허가사항,https://nedrug.mfds.go.kr/pbp/CCBBB01/getItemDetail?itemSeq=199901094,2026-06-12,True
199602021,씨프록탄정250밀리그램(시프로플록사신염산염수화물),씨프록탄정250밀리그램(시프로플록사신염산염수화물),시프로플록사신,,플루오로퀴놀론계 항생제,4;5;6,3,칼슘;철분;마그네슘,허가사항,https://nedrug.mfds.go.kr/pbp/CCBBB01/getItemDetail?itemSeq=199901094,2026-06-12,True
199602022,씨프록탄정500mg(시프로플록사신염산염수화물),씨프록탄정500mg(시프로플록사신염산염수화물),시프로플록사신,,플루오로퀴놀론계 항생제,4;5;6,3,칼슘;철분;마그네슘,허가사항,https://nedrug.mfds.go.kr/pbp/CCBBB01/getItemDetail?itemSeq=199901094,2026-06-12,True
201208643,씨프론정250mg(시프로플록사신염산염수화물),씨프론정250mg(시프로플록사신염산염수화물),시프로플록사신,,플루오로퀴놀론계 항생제,4;5;6,3,칼슘;철분;마그네슘,허가사항,https://nedrug.mfds.go.kr/pbp/CCBBB01/getItemDetail?itemSeq=199901094,2026-06-12,True
201802241,씨플로정(시프로플록사신염산염),씨플로정(시프로플록사신염산염),시프로플록사신,,플루오로퀴놀론계 항생제,4;5;6,3,칼슘;철분;마그네슘,허가사항,https://nedrug.mfds.go.kr/pbp/CCBBB01/getItemDetail?itemSeq=199901094,2026-06-12,True
201903855,씨플록스정(시프로플록사신염산염수화물),씨플록스정(시프로플록사신염산염수화물),시프로플록사신,,플루오로퀴놀론계 항생제,4;5;6,3,칼슘;철분;마그네슘,허가사항,https://nedrug.mfds.go.kr/pbp/CCBBB01/getItemDetail?itemSeq=199901094,2026-06-12,True
201800299,씨플록정250mg(시프로플록사신염산염수화물),씨플록정250mg(시프로플록사신염산염수화물),시프로플록사신,,플루오로퀴놀론계 항생제,4;5;6,3,칼슘;철분;마그네슘,허가사항,https://nedrug.mfds.go.kr/pbp/CCBBB01/getItemDetail?itemSeq=199901094,2026-06-12,True
199800906,알리코염산시프로플록사신정250밀리그람,알리코염산시프로플록사신정250밀리그람,시프로플록사신,,플루오로퀴놀론계 항생제,4;5;6,3,칼슘;철분;마그네슘,허가사항,https://nedrug.mfds.go.kr/pbp/CCBBB01/getItemDetail?itemSeq=199901094,2026-06-12,True
201907281,알피시프록정250mg(시프로플록사신염산염수화물),알피시프록정250mg(시프로플록사신염산염수화물),시프로플록사신,,플루오로퀴놀론계 항생제,4;5;6,3,칼슘;철분;마그네슘,허가사항,https://nedrug.mfds.go.kr/pbp/CCBBB01/getItemDetail?itemSeq=199901094,2026-06-12,True
199703531,에프로신정(시프로플록사신염산염수화물),에프로신정(시프로플록사신염산염수화물),시프로플록사신,,플루오로퀴놀론계 항생제,4;5;6,3,칼슘;철분;마그네슘,허가사항,https://nedrug.mfds.go.kr/pbp/CCBBB01/getItemDetail?itemSeq=199901094,2026-06-12,True
200503799,일양바이오염산시프로플록사신정,일양바이오염산시프로플록사신정,시프로플록사신,,플루오로퀴놀론계 항생제,4;5;6,3,칼슘;철분;마그네슘,허가사항,https://nedrug.mfds.go.kr/pbp/CCBBB01/getItemDetail?itemSeq=199901094,2026-06-12,True
199202944,참염산시프로플록사신정,참염산시프로플록사신정,시프로플록사신,,플루오로퀴놀론계 항생제,4;5;6,3,칼슘;철분;마그네슘,허가사항,https://nedrug.mfds.go.kr/pbp/CCBBB01/getItemDetail?itemSeq=199901094,2026-06-12,True
199100923,케이사신정250밀리그램(시프로플록사신염산염수화물),케이사신정250밀리그램(시프로플록사신염산염수화물),시프로플록사신,,플루오로퀴놀론계 항생제,4;5;6,3,칼슘;철분;마그네슘,허가사항,https://nedrug.mfds.go.kr/pbp/CCBBB01/getItemDetail?itemSeq=199901094,2026-06-12,True
199400029,큐프론정(시프로플록사신염산염수화물),큐프론정(시프로플록사신염산염수화물),시프로플록사신,,플루오로퀴놀론계 항생제,4;5;6,3,칼슘;철분;마그네슘,허가사항,https://nedrug.mfds.go.kr/pbp/CCBBB01/getItemDetail?itemSeq=199901094,2026-06-12,True
199200423,키포신정(시프로플록사신염산염수화물),키포신정(시프로플록사신염산염수화물),시프로플록사신,,플루오로퀴놀론계 항생제,4;5;6,3,칼슘;철분;마그네슘,허가사항,https://nedrug.mfds.go.kr/pbp/CCBBB01/getItemDetail?itemSeq=199901094,2026-06-12,True
199401094,파마시프로플록사신정250mg(시프로플록사신염산염수화물),파마시프로플록사신정250mg(시프로플록사신염산염수화물),시프로플록사신,,플루오로퀴놀론계 항생제,4;5;6,3,칼슘;철분;마그네슘,허가사항,https://nedrug.mfds.go.kr/pbp/CCBBB01/getItemDetail?itemSeq=199901094,2026-06-12,True
201801715,팜젠시프로플록사신정250mg(시프로플록사신염산염),팜젠시프로플록사신정250mg(시프로플록사신염산염),시프로플록사신,,플루오로퀴놀론계 항생제,4;5;6,3,칼슘;철분;마그네슘,허가사항,https://nedrug.mfds.go.kr/pbp/CCBBB01/getItemDetail?itemSeq=199901094,2026-06-12,True
199102393,푸로포신정250밀리그램(시프로플록사신염산염수화물),푸로포신정250밀리그램(시프로플록사신염산염수화물),시프로플록사신,,플루오로퀴놀론계 항생제,4;5;6,3,칼슘;철분;마그네슘,허가사항,https://nedrug.mfds.go.kr/pbp/CCBBB01/getItemDetail?itemSeq=199901094,2026-06-12,True
199202222,프로딘정250mg(시프로플록사신염산염수화물),프로딘정250mg(시프로플록사신염산염수화물),시프로플록사신,,플루오로퀴놀론계 항생제,4;5;6,3,칼슘;철분;마그네슘,허가사항,https://nedrug.mfds.go.kr/pbp/CCBBB01/getItemDetail?itemSeq=199901094,2026-06-12,True
201402714,프록사신바이정(시프로플록사신염산염수화물),프록사신바이정(시프로플록사신염산염수화물),시프로플록사신,,플루오로퀴놀론계 항생제,4;5;6,3,칼슘;철분;마그네슘,허가사항,https://nedrug.mfds.go.kr/pbp/CCBBB01/getItemDetail?itemSeq=199901094,2026-06-12,True
199701894,프록스코정(시프로플록사신염산염),프록스코정(시프로플록사신염산염),시프로플록사신,,플루오로퀴놀론계 항생제,4;5;6,3,칼슘;철분;마그네슘,허가사항,https://nedrug.mfds.go.kr/pbp/CCBBB01/getItemDetail?itemSeq=199901094,2026-06-12,True
201800924,플로리정250밀리그램(시프로플록사신염산염수화물),플로리정250밀리그램(시프로플록사신염산염수화물),시프로플록사신,,플루오로퀴놀론계 항생제,4;5;6,3,칼슘;철분;마그네슘,허가사항,https://nedrug.mfds.go.kr/pbp/CCBBB01/getItemDetail?itemSeq=199901094,2026-06-12,True
201403317,대웅알렌드로네이트디정,대웅알렌드로네이트디정,알렌드론산,,비스포스포네이트(골다공증),29,1,칼슘,허가사항,https://nedrug.mfds.go.kr/pbp/CCBBB01/getItemDetail?itemSeq=200009061,2026-06-12,True
201902246,라이트알렌드론정70mg,라이트알렌드론정70mg,알렌드론산,,비스포스포네이트(골다공증),29,1,칼슘,허가사항,https://nedrug.mfds.go.kr/pbp/CCBBB01/getItemDetail?itemSeq=200009061,2026-06-11,True
201307574,마빌더블유플러스정,마빌더블유플러스정,알렌드론산,,비스포스포네이트(골다공증),29,1,칼슘,허가사항,https://nedrug.mfds.go.kr/pbp/CCBBB01/getItemDetail?itemSeq=200009061,2026-06-12,True
200000363,맥스마빌장용정,맥스마빌장용정,알렌드론산,,비스포스포네이트(골다공증),29,1,칼슘,허가사항,https://nedrug.mfds.go.kr/pbp/CCBBB01/getItemDetail?itemSeq=200009061,2026-06-12,True
200500488,보나드론정70밀리그램(알렌드론산나트륨수화물),보나드론정70밀리그램(알렌드론산나트륨수화물),알렌드론산,,비스포스포네이트(골다공증),29,1,칼슘,허가사항,https://nedrug.mfds.go.kr/pbp/CCBBB01/getItemDetail?itemSeq=200009061,2026-06-11,True
201203101,보나맥스플러스디정,보나맥스플러스디정,알렌드론산,,비스포스포네이트(골다공증),29,1,칼슘,허가사항,https://nedrug.mfds.go.kr/pbp/CCBBB01/getItemDetail?itemSeq=200009061,2026-06-12,True
201405290,보노맥스플러스디정,보노맥스플러스디정,알렌드론산,,비스포스포네이트(골다공증),29,1,칼슘,허가사항,https://nedrug.mfds.go.kr/pbp/CCBBB01/getItemDetail?itemSeq=200009061,2026-06-12,True
200501339,본에이드정70밀리그램(알렌드론산나트륨수화물),본에이드정70밀리그램(알렌드론산나트륨수화물),알렌드론산,,비스포스포네이트(골다공증),29,1,칼슘,허가사항,https://nedrug.mfds.go.kr/pbp/CCBBB01/getItemDetail?itemSeq=200009061,2026-06-11,True
200803184,본필정70밀리그램(알렌드론산나트륨수화물),본필정70밀리그램(알렌드론산나트륨수화물),알렌드론산,,비스포스포네이트(골다공증),29,1,칼슘,허가사항,https://nedrug.mfds.go.kr/pbp/CCBBB01/getItemDetail?itemSeq=200009061,2026-06-11,True
201406151,본필플러스디정,본필플러스디정,알렌드론산,,비스포스포네이트(골다공증),29,1,칼슘,허가사항,https://nedrug.mfds.go.kr/pbp/CCBBB01/getItemDetail?itemSeq=200009061,2026-06-12,True
201507146,비노스토발포정(알렌드론산나트륨삼수화물),비노스토발포정(알렌드론산나트륨삼수화물),알렌드론산,,비스포스포네이트(골다공증),29,1,칼슘,허가사항,https://nedrug.mfds.go.kr/pbp/CCBBB01/getItemDetail?itemSeq=200009061,2026-06-11,True
200501531,비스본정(알렌드론산나트륨수화물),비스본정(알렌드론산나트륨수화물),알렌드론산,,비스포스포네이트(골다공증),29,1,칼슘,허가사항,https://nedrug.mfds.go.kr/pbp/CCBBB01/getItemDetail?itemSeq=200009061,2026-06-11,True
200502717,아렌맥스정(알렌드론산나트륨삼수화물),아렌맥스정(알렌드론산나트륨삼수화물),알렌드론산,,비스포스포네이트(골다공증),29,1,칼슘,허가사항,https://nedrug.mfds.go.kr/pbp/CCBBB01/getItemDetail?itemSeq=200009061,2026-06-11,True
200805740,알드렌정70밀리그램(알렌드론산나트륨삼수화물),알드렌정70밀리그램(알렌드론산나트륨삼수화물),알렌드론산,,비스포스포네이트(골다공증),29,1,칼슘,허가사항,https://nedrug.mfds.go.kr/pbp/CCBBB01/getItemDetail?itemSeq=200009061,2026-06-11,True
201603802,알드맥플러스디정,알드맥플러스디정,알렌드론산,,비스포스포네이트(골다공증),29,1,칼슘,허가사항,https://nedrug.mfds.go.kr/pbp/CCBBB01/getItemDetail?itemSeq=200009061,2026-06-12,True
201603153,알레네정70밀리그램(알렌드론산나트륨삼수화물),알레네정70밀리그램(알렌드론산나트륨삼수화물),알렌드론산,,비스포스포네이트(골다공증),29,1,칼슘,허가사항,https://nedrug.mfds.go.kr/pbp/CCBBB01/getItemDetail?itemSeq=200009061,2026-06-11,True
201801386,알레드론정70mg(알렌드론산나트륨삼수화물),알레드론정70mg(알렌드론산나트륨삼수화물),알렌드론산,,비스포스포네이트(골다공증),29,1,칼슘,허가사항,https://nedrug.mfds.go.kr/pbp/CCBBB01/getItemDetail?itemSeq=200009061,2026-06-11,True
201502292,알레론플러스디정,알레론플러스디정,알렌드론산,,비스포스포네이트(골다공증),29,1,칼슘,허가사항,https://nedrug.mfds.go.kr/pbp/CCBBB01/getItemDetail?itemSeq=200009061,2026-06-12,True
201904313,알렌다정(알렌드론산나트륨삼수화물),알렌다정(알렌드론산나트륨삼수화물),알렌드론산,,비스포스포네이트(골다공증),29,1,칼슘,허가사항,https://nedrug.mfds.go.kr/pbp/CCBBB01/getItemDetail?itemSeq=200009061,2026-06-11,True
201203485,알렌드로스플러스디정,알렌드로스플러스디정,알렌드론산,,비스포스포네이트(골다공증),29,1,칼슘,허가사항,https://nedrug.mfds.go.kr/pbp/CCBBB01/getItemDetail?itemSeq=200009061,2026-06-12,True
200500211,알렌드로정70밀리그램(알렌드론산나트륨수화물),알렌드로정70밀리그램(알렌드론산나트륨수화물),알렌드론산,,비스포스포네이트(골다공증),29,1,칼슘,허가사항,https://nedrug.mfds.go.kr/pbp/CCBBB01/getItemDetail?itemSeq=200009061,2026-06-11,True
201309508,알렌드로플러스디정,알렌드로플러스디정,알렌드론산,,비스포스포네이트(골다공증),29,1,칼슘,허가사항,https://nedrug.mfds.go.kr/pbp/CCBBB01/getItemDetail?itemSeq=200009061,2026-06-12,True
201507818,알렌드론플러스디정,알렌드론플러스디정,알렌드론산,,비스포스포네이트(골다공증),29,1,칼슘,허가사항,https://nedrug.mfds.go.kr/pbp/CCBBB01/getItemDetail?itemSeq=200009061,2026-06-12,True
201506027,알렌드본플러스디정,알렌드본플러스디정,알렌드론산,,비스포스포네이트(골다공증),29,1,칼슘,허가사항,https://nedrug.mfds.go.kr/pbp/CCBBB01/getItemDetail?itemSeq=200009061,2026-06-12,True
201505935,알렌드플러스디정,알렌드플러스디정,알렌드론산,,비스포스포네이트(골다공증),29,1,칼슘,허가사항,https://nedrug.mfds.go.kr/pbp/CCBBB01/getItemDetail?itemSeq=200009061,2026-06-12,True
200402671,알렌맥스정70밀리그램(알렌드론산나트륨),알렌맥스정70밀리그램(알렌드론산나트륨),알렌드론산,,비스포스포네이트(골다공증),29,1,칼슘,허가사항,https://nedrug.mfds.go.kr/pbp/CCBBB01/getItemDetail?itemSeq=200009061,2026-06-11,True
201110502,알렌맥스플러스디정,알렌맥스플러스디정,알렌드론산,,비스포스포네이트(골다공증),29,1,칼슘,허가사항,https://nedrug.mfds.go.kr/pbp/CCBBB01/getItemDetail?itemSeq=200009061,2026-06-12,True
201906584,알렌산정70밀리그램(알렌드론산나트륨삼수화물),알렌산정70밀리그램(알렌드론산나트륨삼수화물),알렌드론산,,비스포스포네이트(골다공증),29,1,칼슘,허가사항,https://nedrug.mfds.go.kr/pbp/CCBBB01/getItemDetail?itemSeq=200009061,2026-06-11,True
201901596,알렌스타정(알렌드론산나트륨삼수화물),알렌스타정(알렌드론산나트륨삼수화물),알렌드론산,,비스포스포네이트(골다공증),29,1,칼슘,허가사항,https://nedrug.mfds.go.kr/pbp/CCBBB01/getItemDetail?itemSeq=200009061,2026-06-11,True
201308588,알렌탑플러스디정,알렌탑플러스디정,알렌드론산,,비스포스포네이트(골다공증),29,1,칼슘,허가사항,https://nedrug.mfds.go.kr/pbp/CCBBB01/getItemDetail?itemSeq=200009061,2026-06-12,True
201406187,"알렌트플러스디정(알렌드론산나트륨삼수화물,콜레칼시페롤농축분말)","알렌트플러스디정(알렌드론산나트륨삼수화물,콜레칼시페롤농축분말)",알렌드론산,,비스포스포네이트(골다공증),29,1,칼슘,허가사항,https://nedrug.mfds.go.kr/pbp/CCBBB01/getItemDetail?itemSeq=200009061,2026-06-12,True
201203534,알렌포스플러스디정,알렌포스플러스디정,알렌드론산,,비스포스포네이트(골다공증),29,1,칼슘,허가사항,https://nedrug.mfds.go.kr/pbp/CCBBB01/getItemDetail?itemSeq=200009061,2026-06-12,True
200512324,알로네이트정(알렌드론산나트륨수화물),알로네이트정(알렌드론산나트륨수화물),알렌드론산,,비스포스포네이트(골다공증),29,1,칼슘,허가사항,https://nedrug.mfds.go.kr/pbp/CCBBB01/getItemDetail?itemSeq=200009061,2026-06-11,True
201405282,알로네이트플러스정,알로네이트플러스정,알렌드론산,,비스포스포네이트(골다공증),29,1,칼슘,허가사항,https://nedrug.mfds.go.kr/pbp/CCBBB01/getItemDetail?itemSeq=200009061,2026-06-12,True
201508499,알로본플러스디정,알로본플러스디정,알렌드론산,,비스포스포네이트(골다공증),29,1,칼슘,허가사항,https://nedrug.mfds.go.kr/pbp/CCBBB01/getItemDetail?itemSeq=200009061,2026-06-12,True
200501583,애드본정70밀리그램(알렌드론산나트륨삼수화물),애드본정70밀리그램(알렌드론산나트륨삼수화물),알렌드론산,,비스포스포네이트(골다공증),29,1,칼슘,허가사항,https://nedrug.mfds.go.kr/pbp/CCBBB01/getItemDetail?itemSeq=200009061,2026-06-11,True
201202770,애드본플러스디정,애드본플러스디정,알렌드론산,,비스포스포네이트(골다공증),29,1,칼슘,허가사항,https://nedrug.mfds.go.kr/pbp/CCBBB01/getItemDetail?itemSeq=200009061,2026-06-12,True
201207585,오스플러스디정,오스플러스디정,알렌드론산,,비스포스포네이트(골다공증),29,1,칼슘,허가사항,https://nedrug.mfds.go.kr/pbp/CCBBB01/getItemDetail?itemSeq=200009061,2026-06-12,True
201404026,지노드론플러스디정,지노드론플러스디정,알렌드론산,,비스포스포네이트(골다공증),29,1,칼슘,허가사항,https://nedrug.mfds.go.kr/pbp/CCBBB01/getItemDetail?itemSeq=200009061,2026-06-12,True
200502771,타이본위클리정(알렌드론산나트륨삼수화물),타이본위클리정(알렌드론산나트륨삼수화물),알렌드론산,,비스포스포네이트(골다공증),29,1,칼슘,허가사항,https://nedrug.mfds.go.kr/pbp/CCBBB01/getItemDetail?itemSeq=200009061,2026-06-11,True
200604294,파렌드정70밀리그램(알렌드론산나트륨삼수화물),파렌드정70밀리그램(알렌드론산나트륨삼수화물),알렌드론산,,비스포스포네이트(골다공증),29,1,칼슘,허가사항,https://nedrug.mfds.go.kr/pbp/CCBBB01/getItemDetail?itemSeq=200009061,2026-06-11,True
201203484,포렌드플러스디정,포렌드플러스디정,알렌드론산,,비스포스포네이트(골다공증),29,1,칼슘,허가사항,https://nedrug.mfds.go.kr/pbp/CCBBB01/getItemDetail?itemSeq=200009061,2026-06-12,True
200502154,포사렌드정(알렌드론산나트륨수화물),포사렌드정(알렌드론산나트륨수화물),알렌드론산,,비스포스포네이트(골다공증),29,1,칼슘,허가사항,https://nedrug.mfds.go.kr/pbp/CCBBB01/getItemDetail?itemSeq=200009061,2026-06-11,True
200605491,포사로닌정70밀리그람(알렌드론산나트륨수화물),포사로닌정70밀리그람(알렌드론산나트륨수화물),알렌드론산,,비스포스포네이트(골다공증),29,1,칼슘,허가사항,https://nedrug.mfds.go.kr/pbp/CCBBB01/getItemDetail?itemSeq=200009061,2026-06-11,True
200500070,포사롱정70밀리그램(알렌드론산나트륨수화물),포사롱정70밀리그램(알렌드론산나트륨수화물),알렌드론산,,비스포스포네이트(골다공증),29,1,칼슘,허가사항,https://nedrug.mfds.go.kr/pbp/CCBBB01/getItemDetail?itemSeq=200009061,2026-06-11,True
201401931,포사롱플러스디정,포사롱플러스디정,알렌드론산,,비스포스포네이트(골다공증),29,1,칼슘,허가사항,https://nedrug.mfds.go.kr/pbp/CCBBB01/getItemDetail?itemSeq=200009061,2026-06-12,True
200009061,포사맥스70밀리그램정,포사맥스70밀리그램정,알렌드론산,,비스포스포네이트(골다공증),29,1,칼슘,허가사항,https://nedrug.mfds.go.kr/pbp/CCBBB01/getItemDetail?itemSeq=200009061,2026-06-12,True
200711426,포사맥스플러스디정,포사맥스플러스디정,알렌드론산,,비스포스포네이트(골다공증),29,1,칼슘,허가사항,https://nedrug.mfds.go.kr/pbp/CCBBB01/getItemDetail?itemSeq=200009061,2026-06-12,True
200511266,포사맥스플러스정,포사맥스플러스정,알렌드론산,,비스포스포네이트(골다공증),29,1,칼슘,허가사항,https://nedrug.mfds.go.kr/pbp/CCBBB01/getItemDetail?itemSeq=200009061,2026-06-12,True
201207689,포사제닉플러스디정,포사제닉플러스디정,알렌드론산,,비스포스포네이트(골다공증),29,1,칼슘,허가사항,https://nedrug.mfds.go.kr/pbp/CCBBB01/getItemDetail?itemSeq=200009061,2026-06-12,True
200500125,포사퀸정70밀리그람(알렌드론산나트륨),포사퀸정70밀리그람(알렌드론산나트륨),알렌드론산,,비스포스포네이트(골다공증),29,1,칼슘,허가사항,https://nedrug.mfds.go.kr/pbp/CCBBB01/getItemDetail?itemSeq=200009061,2026-06-12,True
201403971,플러스디알레드론정,플러스디알레드론정,알렌드론산,,비스포스포네이트(골다공증),29,1,칼슘,허가사항,https://nedrug.mfds.go.kr/pbp/CCBBB01/getItemDetail?itemSeq=200009061,2026-06-12,True
201706222,"가나플럭스정20/1100밀리그램(오메프라졸,탄산수소나트륨)","가나플럭스정20/1100밀리그램(오메프라졸,탄산수소나트륨)",오메프라졸,,PPI(위산분비억제),13;14,2,비타민B12;마그네슘,허가사항,https://nedrug.mfds.go.kr/pbp/CCBBB01/getItemDetail?itemSeq=200411095,2026-06-12,True
201504045,"가나플럭스정40/1100밀리그램(오메프라졸,탄산수소나트륨)","가나플럭스정40/1100밀리그램(오메프라졸,탄산수소나트륨)",오메프라졸,,PPI(위산분비억제),13;14,2,비타민B12;마그네슘,허가사항,https://nedrug.mfds.go.kr/pbp/CCBBB01/getItemDetail?itemSeq=200411095,2026-06-12,True
200302518,대한뉴팜오엠프라졸캡슐(오메프라졸),대한뉴팜오엠프라졸캡슐(오메프라졸),오메프라졸,,PPI(위산분비억제),13;14,2,비타민B12;마그네슘,허가사항,https://nedrug.mfds.go.kr/pbp/CCBBB01/getItemDetail?itemSeq=200411095,2026-06-11,True
199202074,라메졸캡슐20밀리그램(오메프라졸),라메졸캡슐20밀리그램(오메프라졸),오메프라졸,,PPI(위산분비억제),13;14,2,비타민B12;마그네슘,허가사항,https://nedrug.mfds.go.kr/pbp/CCBBB01/getItemDetail?itemSeq=200411095,2026-06-11,True
200402992,메프라졸캡슐(오메프라졸),메프라졸캡슐(오메프라졸),오메프라졸,,PPI(위산분비억제),13;14,2,비타민B12;마그네슘,허가사항,https://nedrug.mfds.go.kr/pbp/CCBBB01/getItemDetail?itemSeq=200411095,2026-06-11,True
199907296,바로메졸캡슐(오메프라졸),바로메졸캡슐(오메프라졸),오메프라졸,,PPI(위산분비억제),13;14,2,비타민B12;마그네슘,허가사항,https://nedrug.mfds.go.kr/pbp/CCBBB01/getItemDetail?itemSeq=200411095,2026-06-11,True
200410999,바이넥스오메프라졸캡슐(오메프라졸장용성과립),바이넥스오메프라졸캡슐(오메프라졸장용성과립),오메프라졸,,PPI(위산분비억제),13;14,2,비타민B12;마그네슘,허가사항,https://nedrug.mfds.go.kr/pbp/CCBBB01/getItemDetail?itemSeq=200411095,2026-06-11,True
201704833,셀트리온오메프라졸캡슐20밀리그램(오메프라졸),셀트리온오메프라졸캡슐20밀리그램(오메프라졸),오메프라졸,,PPI(위산분비억제),13;14,2,비타민B12;마그네슘,허가사항,https://nedrug.mfds.go.kr/pbp/CCBBB01/getItemDetail?itemSeq=200411095,2026-06-11,True
200411207,아메졸캡슐(오메프라졸),아메졸캡슐(오메프라졸),오메프라졸,,PPI(위산분비억제),13;14,2,비타민B12;마그네슘,허가사항,https://nedrug.mfds.go.kr/pbp/CCBBB01/getItemDetail?itemSeq=200411095,2026-06-11,True
199700918,아주오메프라졸캡슐,아주오메프라졸캡슐,오메프라졸,,PPI(위산분비억제),13;14,2,비타민B12;마그네슘,허가사항,https://nedrug.mfds.go.kr/pbp/CCBBB01/getItemDetail?itemSeq=200411095,2026-06-11,True
200411087,애니시드캡슐(오메프라졸장용성과립),애니시드캡슐(오메프라졸장용성과립),오메프라졸,,PPI(위산분비억제),13;14,2,비타민B12;마그네슘,허가사항,https://nedrug.mfds.go.kr/pbp/CCBBB01/getItemDetail?itemSeq=200411095,2026-06-11,True
200707212,오라섹캡슐(오메프라졸),오라섹캡슐(오메프라졸),오메프라졸,,PPI(위산분비억제),13;14,2,비타민B12;마그네슘,허가사항,https://nedrug.mfds.go.kr/pbp/CCBBB01/getItemDetail?itemSeq=200411095,2026-06-12,True
202003930,오메그린캡슐(오메프라졸),오메그린캡슐(오메프라졸),오메프라졸,,PPI(위산분비억제),13;14,2,비타민B12;마그네슘,허가사항,https://nedrug.mfds.go.kr/pbp/CCBBB01/getItemDetail?itemSeq=200411095,2026-06-12,True
201903858,오메다캡슐(오메프라졸),오메다캡슐(오메프라졸),오메프라졸,,PPI(위산분비억제),13;14,2,비타민B12;마그네슘,허가사항,https://nedrug.mfds.go.kr/pbp/CCBBB01/getItemDetail?itemSeq=200411095,2026-06-12,True
199902308,오메드정10밀리그램(오메프라졸),오메드정10밀리그램(오메프라졸),오메프라졸,,PPI(위산분비억제),13;14,2,비타민B12;마그네슘,허가사항,https://nedrug.mfds.go.kr/pbp/CCBBB01/getItemDetail?itemSeq=200411095,2026-06-12,True
199302187,오메드정20밀리그램(오메프라졸),오메드정20밀리그램(오메프라졸),오메프라졸,,PPI(위산분비억제),13;14,2,비타민B12;마그네슘,허가사항,https://nedrug.mfds.go.kr/pbp/CCBBB01/getItemDetail?itemSeq=200411095,2026-06-12,True
202601398,"오메드플러스정10/300mg(오메프라졸,침강탄산칼슘)","오메드플러스정10/300mg(오메프라졸,침강탄산칼슘)",오메프라졸,,PPI(위산분비억제),13;14,2,비타민B12;마그네슘,허가사항,https://nedrug.mfds.go.kr/pbp/CCBBB01/getItemDetail?itemSeq=200411095,2026-06-12,True
202601399,"오메드플러스정20/600mg(오메프라졸,침강탄산칼슘)","오메드플러스정20/600mg(오메프라졸,침강탄산칼슘)",오메프라졸,,PPI(위산분비억제),13;14,2,비타민B12;마그네슘,허가사항,https://nedrug.mfds.go.kr/pbp/CCBBB01/getItemDetail?itemSeq=200411095,2026-06-12,True
200402023,오메딘캡슐(오메프라졸),오메딘캡슐(오메프라졸),오메프라졸,,PPI(위산분비억제),13;14,2,비타민B12;마그네슘,허가사항,https://nedrug.mfds.go.kr/pbp/CCBBB01/getItemDetail?itemSeq=200411095,2026-06-12,True
200411095,오메라졸캡슐,오메라졸캡슐,오메프라졸,,PPI(위산분비억제),13;14,2,비타민B12;마그네슘,허가사항,https://nedrug.mfds.go.kr/pbp/CCBBB01/getItemDetail?itemSeq=200411095,2026-06-12,True
201505489,오메라핀캡슐(오메프라졸),오메라핀캡슐(오메프라졸),오메프라졸,,PPI(위산분비억제),13;14,2,비타민B12;마그네슘,허가사항,https://nedrug.mfds.go.kr/pbp/CCBBB01/getItemDetail?itemSeq=200411095,2026-06-12,True
200402694,오메존캡슐(오메프라졸),오메존캡슐(오메프라졸),오메프라졸,,PPI(위산분비억제),13;14,2,비타민B12;마그네슘,허가사항,https://nedrug.mfds.go.kr/pbp/CCBBB01/getItemDetail?itemSeq=200411095,2026-06-12,True
201405114,오메졸캡슐(오메프라졸),오메졸캡슐(오메프라졸),오메프라졸,,PPI(위산분비억제),13;14,2,비타민B12;마그네슘,허가사항,https://nedrug.mfds.go.kr/pbp/CCBBB01/getItemDetail?itemSeq=200411095,2026-06-12,True
199700548,오메큐캡슐(오메프라졸),오메큐캡슐(오메프라졸),오메프라졸,,PPI(위산분비억제),13;14,2,비타민B12;마그네슘,허가사항,https://nedrug.mfds.go.kr/pbp/CCBBB01/getItemDetail?itemSeq=200411095,2026-06-12,True
201502449,오메타졸캡슐(오메프라졸),오메타졸캡슐(오메프라졸),오메프라졸,,PPI(위산분비억제),13;14,2,비타민B12;마그네슘,허가사항,https://nedrug.mfds.go.kr/pbp/CCBBB01/getItemDetail?itemSeq=200411095,2026-06-12,True
200401456,오메톤캡슐(오메프라졸),오메톤캡슐(오메프라졸),오메프라졸,,PPI(위산분비억제),13;14,2,비타민B12;마그네슘,허가사항,https://nedrug.mfds.go.kr/pbp/CCBBB01/getItemDetail?itemSeq=200411095,2026-06-12,True
201602713,오메푸졸캡슐(오메프라졸),오메푸졸캡슐(오메프라졸),오메프라졸,,PPI(위산분비억제),13;14,2,비타민B12;마그네슘,허가사항,https://nedrug.mfds.go.kr/pbp/CCBBB01/getItemDetail?itemSeq=200411095,2026-06-12,True
201308902,오메프라존캡슐(오메프라졸),오메프라존캡슐(오메프라졸),오메프라졸,,PPI(위산분비억제),13;14,2,비타민B12;마그네슘,허가사항,https://nedrug.mfds.go.kr/pbp/CCBBB01/getItemDetail?itemSeq=200411095,2026-06-12,True
201906572,오메프란캡슐20밀리그램(오메프라졸),오메프란캡슐20밀리그램(오메프라졸),오메프라졸,,PPI(위산분비억제),13;14,2,비타민B12;마그네슘,허가사항,https://nedrug.mfds.go.kr/pbp/CCBBB01/getItemDetail?itemSeq=200411095,2026-06-12,True
201902081,오메프투캡슐(오메프라졸),오메프투캡슐(오메프라졸),오메프라졸,,PPI(위산분비억제),13;14,2,비타민B12;마그네슘,허가사항,https://nedrug.mfds.go.kr/pbp/CCBBB01/getItemDetail?itemSeq=200411095,2026-06-12,True
199802675,오멕스캡슐(오메프라졸),오멕스캡슐(오메프라졸),오메프라졸,,PPI(위산분비억제),13;14,2,비타민B12;마그네슘,허가사항,https://nedrug.mfds.go.kr/pbp/CCBBB01/getItemDetail?itemSeq=200411095,2026-06-12,True
199200236,오엠피정20밀리그램(오메프라졸),오엠피정20밀리그램(오메프라졸),오메프라졸,,PPI(위산분비억제),13;14,2,비타민B12;마그네슘,허가사항,https://nedrug.mfds.go.kr/pbp/CCBBB01/getItemDetail?itemSeq=200411095,2026-06-12,True
199900120,오엠피정40밀리그램(오메프라졸),오엠피정40밀리그램(오메프라졸),오메프라졸,,PPI(위산분비억제),13;14,2,비타민B12;마그네슘,허가사항,https://nedrug.mfds.go.kr/pbp/CCBBB01/getItemDetail?itemSeq=200411095,2026-06-12,True
200400949,오큐졸캡슐(오메프라졸),오큐졸캡슐(오메프라졸),오메프라졸,,PPI(위산분비억제),13;14,2,비타민B12;마그네슘,허가사항,https://nedrug.mfds.go.kr/pbp/CCBBB01/getItemDetail?itemSeq=200411095,2026-06-12,True
200400232,오프라졸캡슐(오메프라졸),오프라졸캡슐(오메프라졸),오메프라졸,,PPI(위산분비억제),13;14,2,비타민B12;마그네슘,허가사항,https://nedrug.mfds.go.kr/pbp/CCBBB01/getItemDetail?itemSeq=200411095,2026-06-12,True
200402816,오프라캡슐(오메프라졸),오프라캡슐(오메프라졸),오메프라졸,,PPI(위산분비억제),13;14,2,비타민B12;마그네슘,허가사항,https://nedrug.mfds.go.kr/pbp/CCBBB01/getItemDetail?itemSeq=200411095,2026-06-12,True
200404039,오프졸캡슐(오메프라졸),오프졸캡슐(오메프라졸),오메프라졸,,PPI(위산분비억제),13;14,2,비타민B12;마그네슘,허가사항,https://nedrug.mfds.go.kr/pbp/CCBBB01/getItemDetail?itemSeq=200411095,2026-06-12,True
201900638,오피라졸캡슐(오메프라졸),오피라졸캡슐(오메프라졸),오메프라졸,,PPI(위산분비억제),13;14,2,비타민B12;마그네슘,허가사항,https://nedrug.mfds.go.kr/pbp/CCBBB01/getItemDetail?itemSeq=200411095,2026-06-12,True
200702504,이연오메프라졸캡슐,이연오메프라졸캡슐,오메프라졸,,PPI(위산분비억제),13;14,2,비타민B12;마그네슘,허가사항,https://nedrug.mfds.go.kr/pbp/CCBBB01/getItemDetail?itemSeq=200411095,2026-06-12,True
201706221,제로시드정20/1100밀리그램,제로시드정20/1100밀리그램,오메프라졸,,PPI(위산분비억제),13;14,2,비타민B12;마그네슘,허가사항,https://nedrug.mfds.go.kr/pbp/CCBBB01/getItemDetail?itemSeq=200411095,2026-06-12,True
201504046,제로시드정40/1100밀리그램,제로시드정40/1100밀리그램,오메프라졸,,PPI(위산분비억제),13;14,2,비타민B12;마그네슘,허가사항,https://nedrug.mfds.go.kr/pbp/CCBBB01/getItemDetail?itemSeq=200411095,2026-06-12,True
200403772,코러스오메프라졸캡슐,코러스오메프라졸캡슐,오메프라졸,,PPI(위산분비억제),13;14,2,비타민B12;마그네슘,허가사항,https://nedrug.mfds.go.kr/pbp/CCBBB01/getItemDetail?itemSeq=200411095,2026-06-12,True
199602013,넬슨오플록사신정100밀리그램(오플록사신),넬슨오플록사신정100밀리그램(오플록사신),오플록사신,,플루오로퀴놀론계 항생제,21;22;23,3,칼슘;철분;마그네슘,허가사항,https://nedrug.mfds.go.kr/pbp/CCBBB01/getItemDetail?itemSeq=198600307,2026-06-11,True
199301429,다비드정100밀리그램(오플록사신),다비드정100밀리그램(오플록사신),오플록사신,,플루오로퀴놀론계 항생제,21;22;23,3,칼슘;철분;마그네슘,허가사항,https://nedrug.mfds.go.kr/pbp/CCBBB01/getItemDetail?itemSeq=198600307,2026-06-11,True
199400179,동광오플록사신정,동광오플록사신정,오플록사신,,플루오로퀴놀론계 항생제,21;22;23,3,칼슘;철분;마그네슘,허가사항,https://nedrug.mfds.go.kr/pbp/CCBBB01/getItemDetail?itemSeq=198600307,2026-06-11,True
198900665,동화오플록사신정,동화오플록사신정,오플록사신,,플루오로퀴놀론계 항생제,21;22;23,3,칼슘;철분;마그네슘,허가사항,https://nedrug.mfds.go.kr/pbp/CCBBB01/getItemDetail?itemSeq=198600307,2026-06-11,True
201603714,리록신정(오플록사신),리록신정(오플록사신),오플록사신,,플루오로퀴놀론계 항생제,21;22;23,3,칼슘;철분;마그네슘,허가사항,https://nedrug.mfds.go.kr/pbp/CCBBB01/getItemDetail?itemSeq=198600307,2026-06-11,True
199502582,삼익오플록사신정,삼익오플록사신정,오플록사신,,플루오로퀴놀론계 항생제,21;22;23,3,칼슘;철분;마그네슘,허가사항,https://nedrug.mfds.go.kr/pbp/CCBBB01/getItemDetail?itemSeq=198600307,2026-06-11,True
199100970,삼천당오플록사신정,삼천당오플록사신정,오플록사신,,플루오로퀴놀론계 항생제,21;22;23,3,칼슘;철분;마그네슘,허가사항,https://nedrug.mfds.go.kr/pbp/CCBBB01/getItemDetail?itemSeq=198600307,2026-06-11,True
201902566,서울오플록사신정,서울오플록사신정,오플록사신,,플루오로퀴놀론계 항생제,21;22;23,3,칼슘;철분;마그네슘,허가사항,https://nedrug.mfds.go.kr/pbp/CCBBB01/getItemDetail?itemSeq=198600307,2026-06-11,True
200401862,셀릭스오플록사신정100밀리그램,셀릭스오플록사신정100밀리그램,오플록사신,,플루오로퀴놀론계 항생제,21;22;23,3,칼슘;철분;마그네슘,허가사항,https://nedrug.mfds.go.kr/pbp/CCBBB01/getItemDetail?itemSeq=198600307,2026-06-11,True
200500476,셀트리온오플록신정100밀리그램(오플록사신),셀트리온오플록신정100밀리그램(오플록사신),오플록사신,,플루오로퀴놀론계 항생제,21;22;23,3,칼슘;철분;마그네슘,허가사항,https://nedrug.mfds.go.kr/pbp/CCBBB01/getItemDetail?itemSeq=198600307,2026-06-11,True
199703570,안플레임정(오플록사신),안플레임정(오플록사신),오플록사신,,플루오로퀴놀론계 항생제,21;22;23,3,칼슘;철분;마그네슘,허가사항,https://nedrug.mfds.go.kr/pbp/CCBBB01/getItemDetail?itemSeq=198600307,2026-06-11,True
199100426,에펙신정100밀리그램(오플록사신),에펙신정100밀리그램(오플록사신),오플록사신,,플루오로퀴놀론계 항생제,21;22;23,3,칼슘;철분;마그네슘,허가사항,https://nedrug.mfds.go.kr/pbp/CCBBB01/getItemDetail?itemSeq=198600307,2026-06-11,True
199603322,엑센정(오플록사신),엑센정(오플록사신),오플록사신,,플루오로퀴놀론계 항생제,21;22;23,3,칼슘;철분;마그네슘,허가사항,https://nedrug.mfds.go.kr/pbp/CCBBB01/getItemDetail?itemSeq=198600307,2026-06-11,True
199102449,영풍오플록사신정100밀리그램,영풍오플록사신정100밀리그램,오플록사신,,플루오로퀴놀론계 항생제,21;22;23,3,칼슘;철분;마그네슘,허가사항,https://nedrug.mfds.go.kr/pbp/CCBBB01/getItemDetail?itemSeq=198600307,2026-06-11,True
201405581,오라록신정100mg(오플록사신),오라록신정100mg(오플록사신),오플록사신,,플루오로퀴놀론계 항생제,21;22;23,3,칼슘;철분;마그네슘,허가사항,https://nedrug.mfds.go.kr/pbp/CCBBB01/getItemDetail?itemSeq=198600307,2026-06-11,True
199102137,오로신정100밀리그램(오플록사신),오로신정100밀리그램(오플록사신),오플록사신,,플루오로퀴놀론계 항생제,21;22;23,3,칼슘;철분;마그네슘,허가사항,https://nedrug.mfds.go.kr/pbp/CCBBB01/getItemDetail?itemSeq=198600307,2026-06-11,True
201506769,오록사신정100밀리그램(오플록사신),오록사신정100밀리그램(오플록사신),오플록사신,,플루오로퀴놀론계 항생제,21;22;23,3,칼슘;철분;마그네슘,허가사항,https://nedrug.mfds.go.kr/pbp/CCBBB01/getItemDetail?itemSeq=198600307,2026-06-11,True
199101034,오비드정(오플록사신),오비드정(오플록사신),오플록사신,,플루오로퀴놀론계 항생제,21;22;23,3,칼슘;철분;마그네슘,허가사항,https://nedrug.mfds.go.kr/pbp/CCBBB01/getItemDetail?itemSeq=198600307,2026-06-11,True
201309390,오플라정(오플록사신),오플라정(오플록사신),오플록사신,,플루오로퀴놀론계 항생제,21;22;23,3,칼슘;철분;마그네슘,허가사항,https://nedrug.mfds.go.kr/pbp/CCBBB01/getItemDetail?itemSeq=198600307,2026-06-11,True
201603948,오플로정(오플록사신),오플로정(오플록사신),오플록사신,,플루오로퀴놀론계 항생제,21;22;23,3,칼슘;철분;마그네슘,허가사항,https://nedrug.mfds.go.kr/pbp/CCBBB01/getItemDetail?itemSeq=198600307,2026-06-11,True
201601053,오플록정100밀리그램(오플록사신),오플록정100밀리그램(오플록사신),오플록사신,,플루오로퀴놀론계 항생제,21;22;23,3,칼슘;철분;마그네슘,허가사항,https://nedrug.mfds.go.kr/pbp/CCBBB01/getItemDetail?itemSeq=198600307,2026-06-11,True
199202946,옥타신정(오플록사신),옥타신정(오플록사신),오플록사신,,플루오로퀴놀론계 항생제,21;22;23,3,칼슘;철분;마그네슘,허가사항,https://nedrug.mfds.go.kr/pbp/CCBBB01/getItemDetail?itemSeq=198600307,2026-06-11,True
200404693,제뉴원오플록사신정,제뉴원오플록사신정,오플록사신,,플루오로퀴놀론계 항생제,21;22;23,3,칼슘;철분;마그네슘,허가사항,https://nedrug.mfds.go.kr/pbp/CCBBB01/getItemDetail?itemSeq=198600307,2026-06-11,True
198600307,제일타리비드정,제일타리비드정,오플록사신,,플루오로퀴놀론계 항생제,21;22;23,3,칼슘;철분;마그네슘,허가사항,https://nedrug.mfds.go.kr/pbp/CCBBB01/getItemDetail?itemSeq=198600307,2026-06-12,True
201904655,지엘오플록사신정100밀리그램,지엘오플록사신정100밀리그램,오플록사신,,플루오로퀴놀론계 항생제,21;22;23,3,칼슘;철분;마그네슘,허가사항,https://nedrug.mfds.go.kr/pbp/CCBBB01/getItemDetail?itemSeq=198600307,2026-06-11,True
199200490,타록시드정100밀리그램(오플록사신),타록시드정100밀리그램(오플록사신),오플록사신,,플루오로퀴놀론계 항생제,21;22;23,3,칼슘;철분;마그네슘,허가사항,https://nedrug.mfds.go.kr/pbp/CCBBB01/getItemDetail?itemSeq=198600307,2026-06-11,True
199200705,텔비트정100밀리그람(오플록사신),텔비트정100밀리그람(오플록사신),오플록사신,,플루오로퀴놀론계 항생제,21;22;23,3,칼슘;철분;마그네슘,허가사항,https://nedrug.mfds.go.kr/pbp/CCBBB01/getItemDetail?itemSeq=198600307,2026-06-11,True
198701772,투록신정(오플록사신),투록신정(오플록사신),오플록사신,,플루오로퀴놀론계 항생제,21;22;23,3,칼슘;철분;마그네슘,허가사항,https://nedrug.mfds.go.kr/pbp/CCBBB01/getItemDetail?itemSeq=198600307,2026-06-11,True
201904339,투프로정100밀리그램(오플록사신),투프로정100밀리그램(오플록사신),오플록사신,,플루오로퀴놀론계 항생제,21;22;23,3,칼슘;철분;마그네슘,허가사항,https://nedrug.mfds.go.kr/pbp/CCBBB01/getItemDetail?itemSeq=198600307,2026-06-11,True
198700537,파비드정(오플록사신),파비드정(오플록사신),오플록사신,,플루오로퀴놀론계 항생제,21;22;23,3,칼슘;철분;마그네슘,허가사항,https://nedrug.mfds.go.kr/pbp/CCBBB01/getItemDetail?itemSeq=198600307,2026-06-11,True
199401661,파비스오플록사신정,파비스오플록사신정,오플록사신,,플루오로퀴놀론계 항생제,21;22;23,3,칼슘;철분;마그네슘,허가사항,https://nedrug.mfds.go.kr/pbp/CCBBB01/getItemDetail?itemSeq=198600307,2026-06-11,True
200402467,팜젠오플록사신정,팜젠오플록사신정,오플록사신,,플루오로퀴놀론계 항생제,21;22;23,3,칼슘;철분;마그네슘,허가사항,https://nedrug.mfds.go.kr/pbp/CCBBB01/getItemDetail?itemSeq=198600307,2026-06-11,True
199300815,프락신정100밀리그람(오플록사신),프락신정100밀리그람(오플록사신),오플록사신,,플루오로퀴놀론계 항생제,21;22;23,3,칼슘;철분;마그네슘,허가사항,https://nedrug.mfds.go.kr/pbp/CCBBB01/getItemDetail?itemSeq=198600307,2026-06-11,True
200500439,세토람정10밀리그람(토라세미드),세토람정10밀리그람(토라세미드),토라세미드,,루프이뇨제,30;31,2,칼륨;마그네슘,허가사항,https://nedrug.mfds.go.kr/pbp/CCBBB01/getItemDetail?itemSeq=200611522,2026-06-11,True
200604198,세토람정2.5밀리그램(토라세미드),세토람정2.5밀리그램(토라세미드),토라세미드,,루프이뇨제,30;31,2,칼륨;마그네슘,허가사항,https://nedrug.mfds.go.kr/pbp/CCBBB01/getItemDetail?itemSeq=200611522,2026-06-11,True
200600084,세토람정5밀리그람,세토람정5밀리그람,토라세미드,,루프이뇨제,30;31,2,칼륨;마그네슘,허가사항,https://nedrug.mfds.go.kr/pbp/CCBBB01/getItemDetail?itemSeq=200611522,2026-06-11,True
200611521,토렘정10밀리그람(토라세미드),토렘정10밀리그람(토라세미드),토라세미드,,루프이뇨제,30;31,2,칼륨;마그네슘,허가사항,https://nedrug.mfds.go.kr/pbp/CCBBB01/getItemDetail?itemSeq=200611522,2026-06-11,True
200611523,토렘정2.5밀리그람(토라세미드),토렘정2.5밀리그람(토라세미드),토라세미드,,루프이뇨제,30;31,2,칼륨;마그네슘,허가사항,https://nedrug.mfds.go.kr/pbp/CCBBB01/getItemDetail?itemSeq=200611522,2026-06-11,True
200611522,토렘정5밀리그람,토렘정5밀리그람,토라세미드,,루프이뇨제,30;31,2,칼륨;마그네슘,허가사항,https://nedrug.mfds.go.kr/pbp/CCBBB01/getItemDetail?itemSeq=200611522,2026-06-12,True
196400037,라식스정,라식스정,푸로세미드,,루프이뇨제,17;18,2,칼륨;마그네슘,허가사항,https://nedrug.mfds.go.kr/pbp/CCBBB01/getItemDetail?itemSeq=196400037,2026-06-12,True
197200160,후릭스정(푸로세미드),후릭스정(푸로세미드),푸로세미드,,루프이뇨제,17;18,2,칼륨;마그네슘,허가사항,https://nedrug.mfds.go.kr/pbp/CCBBB01/getItemDetail?itemSeq=196400037,2026-06-11,True
200904344,"고려칸데사르탄플러스정(칸데사르탄실렉세틸,히드로클로로티아지드)","고려칸데사르탄플러스정(칸데사르탄실렉세틸,히드로클로로티아지드)",히드로클로로티아지드,,치아지드계 이뇨제,19;20,2,칼륨;마그네슘,허가사항,https://nedrug.mfds.go.kr/pbp/CCBBB01/getItemDetail?itemSeq=196000008,2026-06-12,True
200607692,국제로잘탄플러스에프정,국제로잘탄플러스에프정,히드로클로로티아지드,,치아지드계 이뇨제,19;20,2,칼륨;마그네슘,허가사항,https://nedrug.mfds.go.kr/pbp/CCBBB01/getItemDetail?itemSeq=196000008,2026-06-12,True
200607693,국제로잘탄플러스정,국제로잘탄플러스정,히드로클로로티아지드,,치아지드계 이뇨제,19;20,2,칼륨;마그네슘,허가사항,https://nedrug.mfds.go.kr/pbp/CCBBB01/getItemDetail?itemSeq=196000008,2026-06-12,True
201208433,글로아타플러스정,글로아타플러스정,히드로클로로티아지드,,치아지드계 이뇨제,19;20,2,칼륨;마그네슘,허가사항,https://nedrug.mfds.go.kr/pbp/CCBBB01/getItemDetail?itemSeq=196000008,2026-06-12,True
200806640,네오반플러스정,네오반플러스정,히드로클로로티아지드,,치아지드계 이뇨제,19;20,2,칼륨;마그네슘,허가사항,https://nedrug.mfds.go.kr/pbp/CCBBB01/getItemDetail?itemSeq=196000008,2026-06-12,True
201500210,네오칸데플러스정,네오칸데플러스정,히드로클로로티아지드,,치아지드계 이뇨제,19;20,2,칼륨;마그네슘,허가사항,https://nedrug.mfds.go.kr/pbp/CCBBB01/getItemDetail?itemSeq=196000008,2026-06-12,True
200607908,뉴로탄플러스에프정,뉴로탄플러스에프정,히드로클로로티아지드,,치아지드계 이뇨제,19;20,2,칼륨;마그네슘,허가사항,https://nedrug.mfds.go.kr/pbp/CCBBB01/getItemDetail?itemSeq=196000008,2026-06-12,True
200607907,뉴로탄플러스정,뉴로탄플러스정,히드로클로로티아지드,,치아지드계 이뇨제,19;20,2,칼륨;마그네슘,허가사항,https://nedrug.mfds.go.kr/pbp/CCBBB01/getItemDetail?itemSeq=196000008,2026-06-12,True
201805263,뉴비카플러스정10/40/12.5밀리그램,뉴비카플러스정10/40/12.5밀리그램,히드로클로로티아지드,,치아지드계 이뇨제,19;20,2,칼륨;마그네슘,허가사항,https://nedrug.mfds.go.kr/pbp/CCBBB01/getItemDetail?itemSeq=196000008,2026-06-12,True
201805262,뉴비카플러스정5/20/12.5밀리그램,뉴비카플러스정5/20/12.5밀리그램,히드로클로로티아지드,,치아지드계 이뇨제,19;20,2,칼륨;마그네슘,허가사항,https://nedrug.mfds.go.kr/pbp/CCBBB01/getItemDetail?itemSeq=196000008,2026-06-12,True
201805261,뉴비카플러스정5/40/12.5밀리그램,뉴비카플러스정5/40/12.5밀리그램,히드로클로로티아지드,,치아지드계 이뇨제,19;20,2,칼륨;마그네슘,허가사항,https://nedrug.mfds.go.kr/pbp/CCBBB01/getItemDetail?itemSeq=196000008,2026-06-12,True
201907293,뉴코사르플러스정,뉴코사르플러스정,히드로클로로티아지드,,치아지드계 이뇨제,19;20,2,칼륨;마그네슘,허가사항,https://nedrug.mfds.go.kr/pbp/CCBBB01/getItemDetail?itemSeq=196000008,2026-06-12,True
196000008,다이크로짇정,다이크로짇정,히드로클로로티아지드,,치아지드계 이뇨제,19;20,2,칼륨;마그네슘,허가사항,https://nedrug.mfds.go.kr/pbp/CCBBB01/getItemDetail?itemSeq=196000008,2026-06-12,True
200611369,대한뉴팜로잘탄플러스정,대한뉴팜로잘탄플러스정,히드로클로로티아지드,,치아지드계 이뇨제,19;20,2,칼륨;마그네슘,허가사항,https://nedrug.mfds.go.kr/pbp/CCBBB01/getItemDetail?itemSeq=196000008,2026-06-12,True
201500534,대화로자탄플러스에프정,대화로자탄플러스에프정,히드로클로로티아지드,,치아지드계 이뇨제,19;20,2,칼륨;마그네슘,허가사항,https://nedrug.mfds.go.kr/pbp/CCBBB01/getItemDetail?itemSeq=196000008,2026-06-12,True
200906926,데잘탄플러스정16/12.5밀리그램,데잘탄플러스정16/12.5밀리그램,히드로클로로티아지드,,치아지드계 이뇨제,19;20,2,칼륨;마그네슘,허가사항,https://nedrug.mfds.go.kr/pbp/CCBBB01/getItemDetail?itemSeq=196000008,2026-06-12,True
200807431,듀오살탄정160/12.5밀리그램,듀오살탄정160/12.5밀리그램,히드로클로로티아지드,,치아지드계 이뇨제,19;20,2,칼륨;마그네슘,허가사항,https://nedrug.mfds.go.kr/pbp/CCBBB01/getItemDetail?itemSeq=196000008,2026-06-12,True
200807430,듀오살탄정80/12.5밀리그램,듀오살탄정80/12.5밀리그램,히드로클로로티아지드,,치아지드계 이뇨제,19;20,2,칼륨;마그네슘,허가사항,https://nedrug.mfds.go.kr/pbp/CCBBB01/getItemDetail?itemSeq=196000008,2026-06-12,True
200808245,듀오탄정160/12.5mg,듀오탄정160/12.5mg,히드로클로로티아지드,,치아지드계 이뇨제,19;20,2,칼륨;마그네슘,허가사항,https://nedrug.mfds.go.kr/pbp/CCBBB01/getItemDetail?itemSeq=196000008,2026-06-12,True
200808244,듀오탄정80/12.5mg,듀오탄정80/12.5mg,히드로클로로티아지드,,치아지드계 이뇨제,19;20,2,칼륨;마그네슘,허가사항,https://nedrug.mfds.go.kr/pbp/CCBBB01/getItemDetail?itemSeq=196000008,2026-06-12,True
202201265,듀카브플러스정30/5/12.5밀리그램,듀카브플러스정30/5/12.5밀리그램,히드로클로로티아지드,,치아지드계 이뇨제,19;20,2,칼륨;마그네슘,허가사항,https://nedrug.mfds.go.kr/pbp/CCBBB01/getItemDetail?itemSeq=196000008,2026-06-12,True
202201263,듀카브플러스정60/10/12.5밀리그램,듀카브플러스정60/10/12.5밀리그램,히드로클로로티아지드,,치아지드계 이뇨제,19;20,2,칼륨;마그네슘,허가사항,https://nedrug.mfds.go.kr/pbp/CCBBB01/getItemDetail?itemSeq=196000008,2026-06-12,True
202201266,듀카브플러스정60/10/25밀리그램,듀카브플러스정60/10/25밀리그램,히드로클로로티아지드,,치아지드계 이뇨제,19;20,2,칼륨;마그네슘,허가사항,https://nedrug.mfds.go.kr/pbp/CCBBB01/getItemDetail?itemSeq=196000008,2026-06-12,True
202201264,듀카브플러스정60/5/12.5밀리그램,듀카브플러스정60/5/12.5밀리그램,히드로클로로티아지드,,치아지드계 이뇨제,19;20,2,칼륨;마그네슘,허가사항,https://nedrug.mfds.go.kr/pbp/CCBBB01/getItemDetail?itemSeq=196000008,2026-06-12,True
202202455,듀카브플러스정60/5/25밀리그램,듀카브플러스정60/5/25밀리그램,히드로클로로티아지드,,치아지드계 이뇨제,19;20,2,칼륨;마그네슘,허가사항,https://nedrug.mfds.go.kr/pbp/CCBBB01/getItemDetail?itemSeq=196000008,2026-06-12,True
200807090,디로탄플러스정,디로탄플러스정,히드로클로로티아지드,,치아지드계 이뇨제,19;20,2,칼륨;마그네슘,허가사항,https://nedrug.mfds.go.kr/pbp/CCBBB01/getItemDetail?itemSeq=196000008,2026-06-12,True
200808247,"디로탄플러스정160/12.5mg(발사르탄, 히드로클로로티아지드)","디로탄플러스정160/12.5mg(발사르탄, 히드로클로로티아지드)",히드로클로로티아지드,,치아지드계 이뇨제,19;20,2,칼륨;마그네슘,허가사항,https://nedrug.mfds.go.kr/pbp/CCBBB01/getItemDetail?itemSeq=196000008,2026-06-12,True
201203611,디발탄플러스정80/12.5밀리그램,디발탄플러스정80/12.5밀리그램,히드로클로로티아지드,,치아지드계 이뇨제,19;20,2,칼륨;마그네슘,허가사항,https://nedrug.mfds.go.kr/pbp/CCBBB01/getItemDetail?itemSeq=196000008,2026-06-12,True
201603746,디오브이플러스정160/12.5mg,디오브이플러스정160/12.5mg,히드로클로로티아지드,,치아지드계 이뇨제,19;20,2,칼륨;마그네슘,허가사항,https://nedrug.mfds.go.kr/pbp/CCBBB01/getItemDetail?itemSeq=196000008,2026-06-12,True
201603747,디오브이플러스정80/12.5mg,디오브이플러스정80/12.5mg,히드로클로로티아지드,,치아지드계 이뇨제,19;20,2,칼륨;마그네슘,허가사항,https://nedrug.mfds.go.kr/pbp/CCBBB01/getItemDetail?itemSeq=196000008,2026-06-12,True
201309443,라코르정120/12.5밀리그램,라코르정120/12.5밀리그램,히드로클로로티아지드,,치아지드계 이뇨제,19;20,2,칼륨;마그네슘,허가사항,https://nedrug.mfds.go.kr/pbp/CCBBB01/getItemDetail?itemSeq=196000008,2026-06-12,True
201307931,라코르정60/12.5밀리그램,라코르정60/12.5밀리그램,히드로클로로티아지드,,치아지드계 이뇨제,19;20,2,칼륨;마그네슘,허가사항,https://nedrug.mfds.go.kr/pbp/CCBBB01/getItemDetail?itemSeq=196000008,2026-06-12,True
200608192,로더플러스정,로더플러스정,히드로클로로티아지드,,치아지드계 이뇨제,19;20,2,칼륨;마그네슘,허가사항,https://nedrug.mfds.go.kr/pbp/CCBBB01/getItemDetail?itemSeq=196000008,2026-06-12,True
202002694,로메탄에이치씨티정10/40/12.5밀리그램,로메탄에이치씨티정10/40/12.5밀리그램,히드로클로로티아지드,,치아지드계 이뇨제,19;20,2,칼륨;마그네슘,허가사항,https://nedrug.mfds.go.kr/pbp/CCBBB01/getItemDetail?itemSeq=196000008,2026-06-12,True
202002698,로메탄에이치씨티정5/20/12.5밀리그램,로메탄에이치씨티정5/20/12.5밀리그램,히드로클로로티아지드,,치아지드계 이뇨제,19;20,2,칼륨;마그네슘,허가사항,https://nedrug.mfds.go.kr/pbp/CCBBB01/getItemDetail?itemSeq=196000008,2026-06-12,True
202002697,로메탄에이치씨티정5/40/12.5밀리그램,로메탄에이치씨티정5/40/12.5밀리그램,히드로클로로티아지드,,치아지드계 이뇨제,19;20,2,칼륨;마그네슘,허가사항,https://nedrug.mfds.go.kr/pbp/CCBBB01/getItemDetail?itemSeq=196000008,2026-06-12,True
200608254,로사닌플러스에프정,로사닌플러스에프정,히드로클로로티아지드,,치아지드계 이뇨제,19;20,2,칼륨;마그네슘,허가사항,https://nedrug.mfds.go.kr/pbp/CCBBB01/getItemDetail?itemSeq=196000008,2026-06-12,True
200608255,로사닌플러스정,로사닌플러스정,히드로클로로티아지드,,치아지드계 이뇨제,19;20,2,칼륨;마그네슘,허가사항,https://nedrug.mfds.go.kr/pbp/CCBBB01/getItemDetail?itemSeq=196000008,2026-06-12,True
201906270,로사르플러스에프정,로사르플러스에프정,히드로클로로티아지드,,치아지드계 이뇨제,19;20,2,칼륨;마그네슘,허가사항,https://nedrug.mfds.go.kr/pbp/CCBBB01/getItemDetail?itemSeq=196000008,2026-06-12,True
201705814,로사르플러스정,로사르플러스정,히드로클로로티아지드,,치아지드계 이뇨제,19;20,2,칼륨;마그네슘,허가사항,https://nedrug.mfds.go.kr/pbp/CCBBB01/getItemDetail?itemSeq=196000008,2026-06-12,True
200701917,로사맥스플러스정,로사맥스플러스정,히드로클로로티아지드,,치아지드계 이뇨제,19;20,2,칼륨;마그네슘,허가사항,https://nedrug.mfds.go.kr/pbp/CCBBB01/getItemDetail?itemSeq=196000008,2026-06-12,True
201804954,로사윈플러스정,로사윈플러스정,히드로클로로티아지드,,치아지드계 이뇨제,19;20,2,칼륨;마그네슘,허가사항,https://nedrug.mfds.go.kr/pbp/CCBBB01/getItemDetail?itemSeq=196000008,2026-06-12,True
202000328,로사크로디정,로사크로디정,히드로클로로티아지드,,치아지드계 이뇨제,19;20,2,칼륨;마그네슘,허가사항,https://nedrug.mfds.go.kr/pbp/CCBBB01/getItemDetail?itemSeq=196000008,2026-06-12,True
200703170,로사타플러스에프정,로사타플러스에프정,히드로클로로티아지드,,치아지드계 이뇨제,19;20,2,칼륨;마그네슘,허가사항,https://nedrug.mfds.go.kr/pbp/CCBBB01/getItemDetail?itemSeq=196000008,2026-06-12,True
200703169,로사타플러스정,로사타플러스정,히드로클로로티아지드,,치아지드계 이뇨제,19;20,2,칼륨;마그네슘,허가사항,https://nedrug.mfds.go.kr/pbp/CCBBB01/getItemDetail?itemSeq=196000008,2026-06-12,True
201310295,로사탄플러스정,로사탄플러스정,히드로클로로티아지드,,치아지드계 이뇨제,19;20,2,칼륨;마그네슘,허가사항,https://nedrug.mfds.go.kr/pbp/CCBBB01/getItemDetail?itemSeq=196000008,2026-06-12,True
201904374,로사탈플러스정,로사탈플러스정,히드로클로로티아지드,,치아지드계 이뇨제,19;20,2,칼륨;마그네슘,허가사항,https://nedrug.mfds.go.kr/pbp/CCBBB01/getItemDetail?itemSeq=196000008,2026-06-12,True
202001999,로사텍플러스에프정,로사텍플러스에프정,히드로클로로티아지드,,치아지드계 이뇨제,19;20,2,칼륨;마그네슘,허가사항,https://nedrug.mfds.go.kr/pbp/CCBBB01/getItemDetail?itemSeq=196000008,2026-06-12,True
201906383,로사텍플러스정,로사텍플러스정,히드로클로로티아지드,,치아지드계 이뇨제,19;20,2,칼륨;마그네슘,허가사항,https://nedrug.mfds.go.kr/pbp/CCBBB01/getItemDetail?itemSeq=196000008,2026-06-12,True
200608219,로사트플러스정,로사트플러스정,히드로클로로티아지드,,치아지드계 이뇨제,19;20,2,칼륨;마그네슘,허가사항,https://nedrug.mfds.go.kr/pbp/CCBBB01/getItemDetail?itemSeq=196000008,2026-06-12,True
201802623,로사틴플러스에프정,로사틴플러스에프정,히드로클로로티아지드,,치아지드계 이뇨제,19;20,2,칼륨;마그네슘,허가사항,https://nedrug.mfds.go.kr/pbp/CCBBB01/getItemDetail?itemSeq=196000008,2026-06-12,True
200607942,로사플러스-에프정,로사플러스-에프정,히드로클로로티아지드,,치아지드계 이뇨제,19;20,2,칼륨;마그네슘,허가사항,https://nedrug.mfds.go.kr/pbp/CCBBB01/getItemDetail?itemSeq=196000008,2026-06-12,True
200607941,로사플러스정,로사플러스정,히드로클로로티아지드,,치아지드계 이뇨제,19;20,2,칼륨;마그네슘,허가사항,https://nedrug.mfds.go.kr/pbp/CCBBB01/getItemDetail?itemSeq=196000008,2026-06-12,True
200607707,로살탄플러스정,로살탄플러스정,히드로클로로티아지드,,치아지드계 이뇨제,19;20,2,칼륨;마그네슘,허가사항,https://nedrug.mfds.go.kr/pbp/CCBBB01/getItemDetail?itemSeq=196000008,2026-06-12,True
201900774,로우비카에이치씨티정10/40/12.5밀리그램,로우비카에이치씨티정10/40/12.5밀리그램,히드로클로로티아지드,,치아지드계 이뇨제,19;20,2,칼륨;마그네슘,허가사항,https://nedrug.mfds.go.kr/pbp/CCBBB01/getItemDetail?itemSeq=196000008,2026-06-12,True
201900768,로우비카에이치씨티정5/20/12.5밀리그램,로우비카에이치씨티정5/20/12.5밀리그램,히드로클로로티아지드,,치아지드계 이뇨제,19;20,2,칼륨;마그네슘,허가사항,https://nedrug.mfds.go.kr/pbp/CCBBB01/getItemDetail?itemSeq=196000008,2026-06-12,True
201900767,로우비카에이치씨티정5/40/12.5밀리그램,로우비카에이치씨티정5/40/12.5밀리그램,히드로클로로티아지드,,치아지드계 이뇨제,19;20,2,칼륨;마그네슘,허가사항,https://nedrug.mfds.go.kr/pbp/CCBBB01/getItemDetail?itemSeq=196000008,2026-06-12,True
201603967,"로우탄플러스정(올메사르탄메독소밀, 히드로클로로티아지드)","로우탄플러스정(올메사르탄메독소밀, 히드로클로로티아지드)",히드로클로로티아지드,,치아지드계 이뇨제,19;20,2,칼륨;마그네슘,허가사항,https://nedrug.mfds.go.kr/pbp/CCBBB01/getItemDetail?itemSeq=196000008,2026-06-12,True
201308504,로우텍플러스정20/12.5밀리그램,로우텍플러스정20/12.5밀리그램,히드로클로로티아지드,,치아지드계 이뇨제,19;20,2,칼륨;마그네슘,허가사항,https://nedrug.mfds.go.kr/pbp/CCBBB01/getItemDetail?itemSeq=196000008,2026-06-12,True
202000847,로자딘플러스정,로자딘플러스정,히드로클로로티아지드,,치아지드계 이뇨제,19;20,2,칼륨;마그네슘,허가사항,https://nedrug.mfds.go.kr/pbp/CCBBB01/getItemDetail?itemSeq=196000008,2026-06-12,True
200700468,로자살탄플러스에프정,로자살탄플러스에프정,히드로클로로티아지드,,치아지드계 이뇨제,19;20,2,칼륨;마그네슘,허가사항,https://nedrug.mfds.go.kr/pbp/CCBBB01/getItemDetail?itemSeq=196000008,2026-06-12,True
200600123,로자살탄플러스정,로자살탄플러스정,히드로클로로티아지드,,치아지드계 이뇨제,19;20,2,칼륨;마그네슘,허가사항,https://nedrug.mfds.go.kr/pbp/CCBBB01/getItemDetail?itemSeq=196000008,2026-06-12,True
200808248,로자살탄플러스프로정,로자살탄플러스프로정,히드로클로로티아지드,,치아지드계 이뇨제,19;20,2,칼륨;마그네슘,허가사항,https://nedrug.mfds.go.kr/pbp/CCBBB01/getItemDetail?itemSeq=196000008,2026-06-12,True
200708264,로자신플러스정,로자신플러스정,히드로클로로티아지드,,치아지드계 이뇨제,19;20,2,칼륨;마그네슘,허가사항,https://nedrug.mfds.go.kr/pbp/CCBBB01/getItemDetail?itemSeq=196000008,2026-06-12,True
201508004,로자인플러스에프정,로자인플러스에프정,히드로클로로티아지드,,치아지드계 이뇨제,19;20,2,칼륨;마그네슘,허가사항,https://nedrug.mfds.go.kr/pbp/CCBBB01/getItemDetail?itemSeq=196000008,2026-06-12,True
201508003,로자인플러스정,로자인플러스정,히드로클로로티아지드,,치아지드계 이뇨제,19;20,2,칼륨;마그네슘,허가사항,https://nedrug.mfds.go.kr/pbp/CCBBB01/getItemDetail?itemSeq=196000008,2026-06-12,True
200607669,"로자칼플러스에프정(로사르탄칼륨,히드로클로로티아지드)","로자칼플러스에프정(로사르탄칼륨,히드로클로로티아지드)",히드로클로로티아지드,,치아지드계 이뇨제,19;20,2,칼륨;마그네슘,허가사항,https://nedrug.mfds.go.kr/pbp/CCBBB01/getItemDetail?itemSeq=196000008,2026-06-12,True
200607668,"로자칼플러스정(로사르탄칼륨, 히드로클로로티아지드)","로자칼플러스정(로사르탄칼륨, 히드로클로로티아지드)",히드로클로로티아지드,,치아지드계 이뇨제,19;20,2,칼륨;마그네슘,허가사항,https://nedrug.mfds.go.kr/pbp/CCBBB01/getItemDetail?itemSeq=196000008,2026-06-12,True
200607777,로자타플러스에프정,로자타플러스에프정,히드로클로로티아지드,,치아지드계 이뇨제,19;20,2,칼륨;마그네슘,허가사항,https://nedrug.mfds.go.kr/pbp/CCBBB01/getItemDetail?itemSeq=196000008,2026-06-12,True
200607776,로자타플러스정,로자타플러스정,히드로클로로티아지드,,치아지드계 이뇨제,19;20,2,칼륨;마그네슘,허가사항,https://nedrug.mfds.go.kr/pbp/CCBBB01/getItemDetail?itemSeq=196000008,2026-06-12,True
201708478,로자탈플러스정,로자탈플러스정,히드로클로로티아지드,,치아지드계 이뇨제,19;20,2,칼륨;마그네슘,허가사항,https://nedrug.mfds.go.kr/pbp/CCBBB01/getItemDetail?itemSeq=196000008,2026-06-12,True
200809464,로자탐플러스에프정,로자탐플러스에프정,히드로클로로티아지드,,치아지드계 이뇨제,19;20,2,칼륨;마그네슘,허가사항,https://nedrug.mfds.go.kr/pbp/CCBBB01/getItemDetail?itemSeq=196000008,2026-06-12,True
200809791,로자탐플러스정,로자탐플러스정,히드로클로로티아지드,,치아지드계 이뇨제,19;20,2,칼륨;마그네슘,허가사항,https://nedrug.mfds.go.kr/pbp/CCBBB01/getItemDetail?itemSeq=196000008,2026-06-12,True
200607958,로자틴플러스에프정,로자틴플러스에프정,히드로클로로티아지드,,치아지드계 이뇨제,19;20,2,칼륨;마그네슘,허가사항,https://nedrug.mfds.go.kr/pbp/CCBBB01/getItemDetail?itemSeq=196000008,2026-06-12,True
200607957,로자틴플러스정,로자틴플러스정,히드로클로로티아지드,,치아지드계 이뇨제,19;20,2,칼륨;마그네슘,허가사항,https://nedrug.mfds.go.kr/pbp/CCBBB01/getItemDetail?itemSeq=196000008,2026-06-12,True
201310333,로자플엠정,로자플엠정,히드로클로로티아지드,,치아지드계 이뇨제,19;20,2,칼륨;마그네슘,허가사항,https://nedrug.mfds.go.kr/pbp/CCBBB01/getItemDetail?itemSeq=196000008,2026-06-12,True
200607930,로잘플러스정,로잘플러스정,히드로클로로티아지드,,치아지드계 이뇨제,19;20,2,칼륨;마그네슘,허가사항,https://nedrug.mfds.go.kr/pbp/CCBBB01/getItemDetail?itemSeq=196000008,2026-06-12,True
201405989,로잘핀플러스정,로잘핀플러스정,히드로클로로티아지드,,치아지드계 이뇨제,19;20,2,칼륨;마그네슘,허가사항,https://nedrug.mfds.go.kr/pbp/CCBBB01/getItemDetail?itemSeq=196000008,2026-06-12,True
200607657,로제트플러스정,로제트플러스정,히드로클로로티아지드,,치아지드계 이뇨제,19;20,2,칼륨;마그네슘,허가사항,https://nedrug.mfds.go.kr/pbp/CCBBB01/getItemDetail?itemSeq=196000008,2026-06-12,True
200707373,로제틴플러스정,로제틴플러스정,히드로클로로티아지드,,치아지드계 이뇨제,19;20,2,칼륨;마그네슘,허가사항,https://nedrug.mfds.go.kr/pbp/CCBBB01/getItemDetail?itemSeq=196000008,2026-06-12,True
200700234,로지텐플러스정,로지텐플러스정,히드로클로로티아지드,,치아지드계 이뇨제,19;20,2,칼륨;마그네슘,허가사항,https://nedrug.mfds.go.kr/pbp/CCBBB01/getItemDetail?itemSeq=196000008,2026-06-12,True
201400931,로카탄플러스에프정,로카탄플러스에프정,히드로클로로티아지드,,치아지드계 이뇨제,19;20,2,칼륨;마그네슘,허가사항,https://nedrug.mfds.go.kr/pbp/CCBBB01/getItemDetail?itemSeq=196000008,2026-06-12,True
201400053,로카탄플러스정,로카탄플러스정,히드로클로로티아지드,,치아지드계 이뇨제,19;20,2,칼륨;마그네슘,허가사항,https://nedrug.mfds.go.kr/pbp/CCBBB01/getItemDetail?itemSeq=196000008,2026-06-12,True
201400438,로카탄플러스프로정,로카탄플러스프로정,히드로클로로티아지드,,치아지드계 이뇨제,19;20,2,칼륨;마그네슘,허가사항,https://nedrug.mfds.go.kr/pbp/CCBBB01/getItemDetail?itemSeq=196000008,2026-06-12,True
201903555,로코탄플러스정,로코탄플러스정,히드로클로로티아지드,,치아지드계 이뇨제,19;20,2,칼륨;마그네슘,허가사항,https://nedrug.mfds.go.kr/pbp/CCBBB01/getItemDetail?itemSeq=196000008,2026-06-12,True
201404809,로탄플러스정,로탄플러스정,히드로클로로티아지드,,치아지드계 이뇨제,19;20,2,칼륨;마그네슘,허가사항,https://nedrug.mfds.go.kr/pbp/CCBBB01/getItemDetail?itemSeq=196000008,2026-06-12,True
200607818,"로핀플러스정(로사르탄칼륨, 히드로클로로티아지드)","로핀플러스정(로사르탄칼륨, 히드로클로로티아지드)",히드로클로로티아지드,,치아지드계 이뇨제,19;20,2,칼륨;마그네슘,허가사항,https://nedrug.mfds.go.kr/pbp/CCBBB01/getItemDetail?itemSeq=196000008,2026-06-12,True
200700470,루자탄플러스정,루자탄플러스정,히드로클로로티아지드,,치아지드계 이뇨제,19;20,2,칼륨;마그네슘,허가사항,https://nedrug.mfds.go.kr/pbp/CCBBB01/getItemDetail?itemSeq=196000008,2026-06-12,True
200805901,맥스디오플러스정160/12.5mg,맥스디오플러스정160/12.5mg,히드로클로로티아지드,,치아지드계 이뇨제,19;20,2,칼륨;마그네슘,허가사항,https://nedrug.mfds.go.kr/pbp/CCBBB01/getItemDetail?itemSeq=196000008,2026-06-12,True
200805919,맥스디오플러스정80/12.5mg,맥스디오플러스정80/12.5mg,히드로클로로티아지드,,치아지드계 이뇨제,19;20,2,칼륨;마그네슘,허가사항,https://nedrug.mfds.go.kr/pbp/CCBBB01/getItemDetail?itemSeq=196000008,2026-06-12,True
202001518,메가텔미클정40/12.5밀리그램,메가텔미클정40/12.5밀리그램,히드로클로로티아지드,,치아지드계 이뇨제,19;20,2,칼륨;마그네슘,허가사항,https://nedrug.mfds.go.kr/pbp/CCBBB01/getItemDetail?itemSeq=196000008,2026-06-12,True
202003085,메가텔미클정80/12.5밀리그램,메가텔미클정80/12.5밀리그램,히드로클로로티아지드,,치아지드계 이뇨제,19;20,2,칼륨;마그네슘,허가사항,https://nedrug.mfds.go.kr/pbp/CCBBB01/getItemDetail?itemSeq=196000008,2026-06-12,True
201701098,미르텔플러스정40/12.5밀리그램,미르텔플러스정40/12.5밀리그램,히드로클로로티아지드,,치아지드계 이뇨제,19;20,2,칼륨;마그네슘,허가사항,https://nedrug.mfds.go.kr/pbp/CCBBB01/getItemDetail?itemSeq=196000008,2026-06-12,True
201701099,미르텔플러스정80/12.5밀리그램,미르텔플러스정80/12.5밀리그램,히드로클로로티아지드,,치아지드계 이뇨제,19;20,2,칼륨;마그네슘,허가사항,https://nedrug.mfds.go.kr/pbp/CCBBB01/getItemDetail?itemSeq=196000008,2026-06-12,True
201802209,미르토플러스정40/12.5mg,미르토플러스정40/12.5mg,히드로클로로티아지드,,치아지드계 이뇨제,19;20,2,칼륨;마그네슘,허가사항,https://nedrug.mfds.go.kr/pbp/CCBBB01/getItemDetail?itemSeq=196000008,2026-06-12,True
201605524,미르토플러스정80/12.5mg,미르토플러스정80/12.5mg,히드로클로로티아지드,,치아지드계 이뇨제,19;20,2,칼륨;마그네슘,허가사항,https://nedrug.mfds.go.kr/pbp/CCBBB01/getItemDetail?itemSeq=196000008,2026-06-12,True
201903560,"미살탄플러스정40/12.5밀리그램(텔미사르탄, 히드로클로로티아지드)","미살탄플러스정40/12.5밀리그램(텔미사르탄, 히드로클로로티아지드)",히드로클로로티아지드,,치아지드계 이뇨제,19;20,2,칼륨;마그네슘,허가사항,https://nedrug.mfds.go.kr/pbp/CCBBB01/getItemDetail?itemSeq=196000008,2026-06-12,True
201903559,"미살탄플러스정80/12.5밀리그램(텔미사르탄, 히드로클로로티아지드)","미살탄플러스정80/12.5밀리그램(텔미사르탄, 히드로클로로티아지드)",히드로클로로티아지드,,치아지드계 이뇨제,19;20,2,칼륨;마그네슘,허가사항,https://nedrug.mfds.go.kr/pbp/CCBBB01/getItemDetail?itemSeq=196000008,2026-06-12,True
200209850,미카르디스플러스정40/12.5밀리그램,미카르디스플러스정40/12.5밀리그램,히드로클로로티아지드,,치아지드계 이뇨제,19;20,2,칼륨;마그네슘,허가사항,https://nedrug.mfds.go.kr/pbp/CCBBB01/getItemDetail?itemSeq=196000008,2026-06-12,True
200209851,미카르디스플러스정80/12.5밀리그램,미카르디스플러스정80/12.5밀리그램,히드로클로로티아지드,,치아지드계 이뇨제,19;20,2,칼륨;마그네슘,허가사항,https://nedrug.mfds.go.kr/pbp/CCBBB01/getItemDetail?itemSeq=196000008,2026-06-12,True
201503630,미카르텔미플러스정40/12.5밀리그램,미카르텔미플러스정40/12.5밀리그램,히드로클로로티아지드,,치아지드계 이뇨제,19;20,2,칼륨;마그네슘,허가사항,https://nedrug.mfds.go.kr/pbp/CCBBB01/getItemDetail?itemSeq=196000008,2026-06-12,True
201503631,미카르텔미플러스정80/12.5밀리그램,미카르텔미플러스정80/12.5밀리그램,히드로클로로티아지드,,치아지드계 이뇨제,19;20,2,칼륨;마그네슘,허가사항,https://nedrug.mfds.go.kr/pbp/CCBBB01/getItemDetail?itemSeq=196000008,2026-06-12,True
201000877,미카탄플러스정40/12.5밀리그램,미카탄플러스정40/12.5밀리그램,히드로클로로티아지드,,치아지드계 이뇨제,19;20,2,칼륨;마그네슘,허가사항,https://nedrug.mfds.go.kr/pbp/CCBBB01/getItemDetail?itemSeq=196000008,2026-06-12,True
201000878,미카탄플러스정80/12.5밀리그램,미카탄플러스정80/12.5밀리그램,히드로클로로티아지드,,치아지드계 이뇨제,19;20,2,칼륨;마그네슘,허가사항,https://nedrug.mfds.go.kr/pbp/CCBBB01/getItemDetail?itemSeq=196000008,2026-06-12,True
201005059,미카탄플러스정80/25밀리그램,미카탄플러스정80/25밀리그램,히드로클로로티아지드,,치아지드계 이뇨제,19;20,2,칼륨;마그네슘,허가사항,https://nedrug.mfds.go.kr/pbp/CCBBB01/getItemDetail?itemSeq=196000008,2026-06-12,True
201208653,미카테르플러스정40/12.5밀리그램,미카테르플러스정40/12.5밀리그램,히드로클로로티아지드,,치아지드계 이뇨제,19;20,2,칼륨;마그네슘,허가사항,https://nedrug.mfds.go.kr/pbp/CCBBB01/getItemDetail?itemSeq=196000008,2026-06-12,True
201208654,미카테르플러스정80/12.5밀리그램,미카테르플러스정80/12.5밀리그램,히드로클로로티아지드,,치아지드계 이뇨제,19;20,2,칼륨;마그네슘,허가사항,https://nedrug.mfds.go.kr/pbp/CCBBB01/getItemDetail?itemSeq=196000008,2026-06-12,True
201207594,미카테르플러스정80/25밀리그램,미카테르플러스정80/25밀리그램,히드로클로로티아지드,,치아지드계 이뇨제,19;20,2,칼륨;마그네슘,허가사항,https://nedrug.mfds.go.kr/pbp/CCBBB01/getItemDetail?itemSeq=196000008,2026-06-12,True
201507999,바레탄플러스정160/12.5mg,바레탄플러스정160/12.5mg,히드로클로로티아지드,,치아지드계 이뇨제,19;20,2,칼륨;마그네슘,허가사항,https://nedrug.mfds.go.kr/pbp/CCBBB01/getItemDetail?itemSeq=196000008,2026-06-12,True
201507998,바레탄플러스정80/12.5mg,바레탄플러스정80/12.5mg,히드로클로로티아지드,,치아지드계 이뇨제,19;20,2,칼륨;마그네슘,허가사항,https://nedrug.mfds.go.kr/pbp/CCBBB01/getItemDetail?itemSeq=196000008,2026-06-12,True
201602890,바르반플러스정80/12.5mg,바르반플러스정80/12.5mg,히드로클로로티아지드,,치아지드계 이뇨제,19;20,2,칼륨;마그네슘,허가사항,https://nedrug.mfds.go.kr/pbp/CCBBB01/getItemDetail?itemSeq=196000008,2026-06-12,True
201403270,바사탄플러스정160/12.5밀리그램,바사탄플러스정160/12.5밀리그램,히드로클로로티아지드,,치아지드계 이뇨제,19;20,2,칼륨;마그네슘,허가사항,https://nedrug.mfds.go.kr/pbp/CCBBB01/getItemDetail?itemSeq=196000008,2026-06-12,True
201403269,바사탄플러스정80/12.5밀리그램,바사탄플러스정80/12.5밀리그램,히드로클로로티아지드,,치아지드계 이뇨제,19;20,2,칼륨;마그네슘,허가사항,https://nedrug.mfds.go.kr/pbp/CCBBB01/getItemDetail?itemSeq=196000008,2026-06-12,True
